response_id,gender,age_group,age_code,city_tier,preferred_abv,tried_hard_seltzer,willing_to_try,purchase_frequency,frequency_code,glass_bottle,metal_can,plastic_bottle,price_range,price_code,channel_convenience,channel_supermarket,channel_fresh_platform,channel_ecommerce,channel_brand_website,channel_other,brand_rio,brand_horoyoi,brand_chill,brand_other,flavor_apple_pear_peach,flavor_grape_cherry_blueberry,flavor_mango_pineapple_passion,flavor_lemon_grapefruit_orange,flavor_other_fruit,flavor_tea,age_category,is_target_age,city_type,price_midpoint,annual_purchases,annual_spend,ltv_3year,is_premium_segment,is_heavy_user,frequency_category,price_segment,primary_packaging,is_primary_target,is_high_value_segment,gender_target_segment,customer_value_tier,strategic_segment
3,Female,21-25,2,其他,2-5%,Yes,,Monthly,3.0,1,1,0,15-20 RMB,4,1,1,0,1,0,0,1.0,0.0,0.0,0.0,0.0,1.0,0.0,0.0,0.0,0.0,Target Age (21-30),1,Other Cities,17.5,12.0,210.0,630.0,1,0,Light User (Monthly),Premium (¥15+),Both Glass & Can,1,1,Female 21-30 (Wellness),Tier 2: Medium (¥150-300),2. High-Value Light User
4,Female,21-25,2,其他,5-10%,No,Yes,,,1,1,0,20+ RMB,5,0,1,0,1,0,0,,,,,,,,,,,Target Age (21-30),1,Other Cities,22.5,,,,1,0,Unknown,Premium (¥15+),Both Glass & Can,0,0,Non-target,Unknown,"4. Target Age, Not Tried"
5,Female,21-25,2,北上广,5-10%,Yes,,Monthly,3.0,1,1,0,15-20 RMB,4,1,0,0,0,0,0,1.0,0.0,0.0,1.0,1.0,1.0,1.0,1.0,0.0,0.0,Target Age (21-30),1,Beijing/Shanghai/Guangzhou,17.5,12.0,210.0,630.0,1,0,Light User (Monthly),Premium (¥15+),Both Glass & Can,1,1,Female 21-30 (Wellness),Tier 2: Medium (¥150-300),2. High-Value Light User
6,Female,21-25,2,北上广,10-20%,Yes,,Monthly,3.0,1,1,0,20+ RMB,5,1,0,1,0,0,0,1.0,0.0,0.0,0.0,0.0,0.0,1.0,0.0,0.0,0.0,Target Age (21-30),1,Beijing/Shanghai/Guangzhou,22.5,12.0,270.0,810.0,1,0,Light User (Monthly),Premium (¥15+),Both Glass & Can,1,1,Female 21-30 (Wellness),Tier 2: Medium (¥150-300),2. High-Value Light User
7,Male,26-30,3,其他,5-10%,Yes,,Monthly,3.0,1,0,0,5-10 RMB,2,1,1,0,0,0,0,1.0,0.0,0.0,0.0,0.0,0.0,1.0,0.0,0.0,0.0,Target Age (21-30),1,Other Cities,7.5,12.0,90.0,270.0,0,0,Light User (Monthly),Mass Market (¥0-10),Glass Only,1,0,Male 21-30 (Social),Tier 3: Low (¥50-150),"3. Target Age, Price-Sensitive"
8,Female,21-25,2,北上广,5-10%,Yes,,Monthly,3.0,0,1,0,10-15 RMB,3,1,1,0,0,0,0,1.0,0.0,0.0,0.0,0.0,1.0,1.0,1.0,0.0,1.0,Target Age (21-30),1,Beijing/Shanghai/Guangzhou,12.5,12.0,150.0,450.0,1,0,Light User (Monthly),Mid-Premium (¥10-15),Can Only,1,1,Female 21-30 (Wellness),Tier 2: Medium (¥150-300),2. High-Value Light User
9,Female,21-25,2,其他,2-5%,Yes,,Yearly,4.0,1,0,0,10-15 RMB,3,1,1,0,0,0,0,1.0,0.0,0.0,0.0,1.0,1.0,0.0,0.0,0.0,0.0,Target Age (21-30),1,Other Cities,12.5,1.0,12.5,37.5,1,0,Light User (Yearly),Mid-Premium (¥10-15),Glass Only,1,1,Female 21-30 (Wellness),Tier 4: Very Low (<¥50),2. High-Value Light User
10,Female,21-25,2,其他,2-5%,Yes,,Yearly,4.0,1,1,0,10-15 RMB,3,1,1,0,0,0,0,1.0,0.0,0.0,0.0,0.0,0.0,0.0,1.0,0.0,0.0,Target Age (21-30),1,Other Cities,12.5,1.0,12.5,37.5,1,0,Light User (Yearly),Mid-Premium (¥10-15),Both Glass & Can,1,1,Female 21-30 (Wellness),Tier 4: Very Low (<¥50),2. High-Value Light User
12,Female,21-25,2,其他,2-5%,Yes,,Yearly,4.0,1,1,0,20+ RMB,5,1,0,0,1,0,0,1.0,0.0,0.0,0.0,0.0,0.0,0.0,1.0,0.0,1.0,Target Age (21-30),1,Other Cities,22.5,1.0,22.5,67.5,1,0,Light User (Yearly),Premium (¥15+),Both Glass & Can,1,1,Female 21-30 (Wellness),Tier 4: Very Low (<¥50),2. High-Value Light User
13,Male,21-25,2,其他,2-5%,Yes,,Yearly,4.0,1,0,0,10-15 RMB,3,1,0,0,0,0,0,1.0,0.0,0.0,0.0,1.0,0.0,0.0,0.0,0.0,0.0,Target Age (21-30),1,Other Cities,12.5,1.0,12.5,37.5,1,0,Light User (Yearly),Mid-Premium (¥10-15),Glass Only,1,1,Male 21-30 (Social),Tier 4: Very Low (<¥50),2. High-Value Light User
14,Male,21-25,2,其他,2-5%,Yes,,Monthly,3.0,1,0,0,10-15 RMB,3,1,0,0,0,0,0,1.0,0.0,0.0,0.0,1.0,1.0,1.0,1.0,0.0,0.0,Target Age (21-30),1,Other Cities,12.5,12.0,150.0,450.0,1,0,Light User (Monthly),Mid-Premium (¥10-15),Glass Only,1,1,Male 21-30 (Social),Tier 2: Medium (¥150-300),2. High-Value Light User
15,Female,21-25,2,其他,5-10%,Yes,,Monthly,3.0,0,1,0,5-10 RMB,2,1,1,0,1,0,0,1.0,0.0,1.0,0.0,1.0,0.0,0.0,0.0,0.0,0.0,Target Age (21-30),1,Other Cities,7.5,12.0,90.0,270.0,0,0,Light User (Monthly),Mass Market (¥0-10),Can Only,1,0,Female 21-30 (Wellness),Tier 3: Low (¥50-150),"3. Target Age, Price-Sensitive"
16,Female,21-25,2,其他,5-10%,Yes,,Monthly,3.0,1,1,0,10-15 RMB,3,1,1,0,0,0,0,1.0,0.0,0.0,0.0,1.0,1.0,1.0,1.0,0.0,0.0,Target Age (21-30),1,Other Cities,12.5,12.0,150.0,450.0,1,0,Light User (Monthly),Mid-Premium (¥10-15),Both Glass & Can,1,1,Female 21-30 (Wellness),Tier 2: Medium (¥150-300),2. High-Value Light User
17,Male,21-25,2,其他,40%+,Yes,,Monthly,3.0,1,0,0,5-10 RMB,2,1,0,0,0,0,0,1.0,0.0,0.0,0.0,0.0,1.0,0.0,0.0,0.0,0.0,Target Age (21-30),1,Other Cities,7.5,12.0,90.0,270.0,0,0,Light User (Monthly),Mass Market (¥0-10),Glass Only,1,0,Male 21-30 (Social),Tier 3: Low (¥50-150),"3. Target Age, Price-Sensitive"
18,Female,21-25,2,北上广,None,Yes,,Yearly,4.0,1,1,0,15-20 RMB,4,1,1,0,0,0,0,1.0,0.0,0.0,0.0,0.0,0.0,1.0,0.0,0.0,0.0,Target Age (21-30),1,Beijing/Shanghai/Guangzhou,17.5,1.0,17.5,52.5,1,0,Light User (Yearly),Premium (¥15+),Both Glass & Can,1,1,Female 21-30 (Wellness),Tier 4: Very Low (<¥50),2. High-Value Light User
19,Female,21-25,2,其他,None,Yes,,Yearly,4.0,1,1,0,10-15 RMB,3,1,1,0,1,0,0,0.0,1.0,0.0,0.0,1.0,0.0,0.0,0.0,0.0,0.0,Target Age (21-30),1,Other Cities,12.5,1.0,12.5,37.5,1,0,Light User (Yearly),Mid-Premium (¥10-15),Both Glass & Can,1,1,Female 21-30 (Wellness),Tier 4: Very Low (<¥50),2. High-Value Light User
21,Male,21-25,2,北上广,2-5%,Yes,,Weekly,2.0,0,1,0,5-10 RMB,2,1,1,0,0,0,0,1.0,0.0,0.0,0.0,0.0,0.0,0.0,1.0,0.0,0.0,Target Age (21-30),1,Beijing/Shanghai/Guangzhou,7.5,52.0,390.0,1170.0,0,1,Heavy User (Weekly),Mass Market (¥0-10),Can Only,1,0,Male 21-30 (Social),Tier 1: High (¥300+),"3. Target Age, Price-Sensitive"
22,Male,21-25,2,北上广,2-5%,Yes,,Monthly,3.0,1,1,0,5-10 RMB,2,1,1,0,0,0,0,1.0,0.0,0.0,0.0,0.0,1.0,0.0,1.0,0.0,0.0,Target Age (21-30),1,Beijing/Shanghai/Guangzhou,7.5,12.0,90.0,270.0,0,0,Light User (Monthly),Mass Market (¥0-10),Both Glass & Can,1,0,Male 21-30 (Social),Tier 3: Low (¥50-150),"3. Target Age, Price-Sensitive"
23,Male,21-25,2,其他,2-5%,Yes,,Monthly,3.0,1,1,0,10-15 RMB,3,1,1,1,1,0,0,1.0,0.0,0.0,0.0,0.0,0.0,0.0,1.0,0.0,0.0,Target Age (21-30),1,Other Cities,12.5,12.0,150.0,450.0,1,0,Light User (Monthly),Mid-Premium (¥10-15),Both Glass & Can,1,1,Male 21-30 (Social),Tier 2: Medium (¥150-300),2. High-Value Light User
25,Female,31-35,4,其他,5-10%,Yes,,Monthly,3.0,1,1,0,5-10 RMB,2,0,1,0,1,0,0,1.0,1.0,0.0,0.0,1.0,1.0,0.0,1.0,0.0,0.0,Adjacent Age,0,Other Cities,7.5,12.0,90.0,270.0,0,0,Light User (Monthly),Mass Market (¥0-10),Both Glass & Can,0,0,Non-target,Tier 3: Low (¥50-150),5. Other Segments
26,Male,21-25,2,其他,10-20%,Yes,,Yearly,4.0,1,1,0,10-15 RMB,3,1,1,0,0,0,0,1.0,1.0,1.0,0.0,1.0,1.0,0.0,1.0,0.0,0.0,Target Age (21-30),1,Other Cities,12.5,1.0,12.5,37.5,1,0,Light User (Yearly),Mid-Premium (¥10-15),Both Glass & Can,1,1,Male 21-30 (Social),Tier 4: Very Low (<¥50),2. High-Value Light User
27,Female,21-25,2,北上广,2-5%,Yes,,Monthly,3.0,1,1,0,5-10 RMB,2,1,1,1,1,0,0,1.0,0.0,0.0,0.0,0.0,0.0,1.0,1.0,0.0,0.0,Target Age (21-30),1,Beijing/Shanghai/Guangzhou,7.5,12.0,90.0,270.0,0,0,Light User (Monthly),Mass Market (¥0-10),Both Glass & Can,1,0,Female 21-30 (Wellness),Tier 3: Low (¥50-150),"3. Target Age, Price-Sensitive"
28,Female,18-20,1,其他,None,Yes,,Yearly,4.0,0,1,0,10-15 RMB,3,0,1,0,0,0,0,1.0,0.0,0.0,0.0,0.0,0.0,0.0,1.0,0.0,0.0,Adjacent Age,0,Other Cities,12.5,1.0,12.5,37.5,1,0,Light User (Yearly),Mid-Premium (¥10-15),Can Only,0,0,Non-target,Tier 4: Very Low (<¥50),5. Other Segments
29,Female,21-25,2,北上广,10-20%,No,Yes,,,0,1,0,10-15 RMB,3,1,0,0,0,0,0,,,,,,,,,,,Target Age (21-30),1,Beijing/Shanghai/Guangzhou,12.5,,,,1,0,Unknown,Mid-Premium (¥10-15),Can Only,0,0,Non-target,Unknown,"4. Target Age, Not Tried"
30,Female,21-25,2,北上广,2-5%,Yes,,Yearly,4.0,1,1,1,15-20 RMB,4,1,1,1,1,0,0,1.0,0.0,0.0,1.0,1.0,1.0,1.0,1.0,1.0,0.0,Target Age (21-30),1,Beijing/Shanghai/Guangzhou,17.5,1.0,17.5,52.5,1,0,Light User (Yearly),Premium (¥15+),Both Glass & Can,1,1,Female 21-30 (Wellness),Tier 4: Very Low (<¥50),2. High-Value Light User
31,Female,21-25,2,北上广,None,Yes,,Monthly,3.0,1,0,0,15-20 RMB,4,1,0,0,0,0,0,1.0,0.0,0.0,0.0,1.0,0.0,0.0,0.0,0.0,0.0,Target Age (21-30),1,Beijing/Shanghai/Guangzhou,17.5,12.0,210.0,630.0,1,0,Light User (Monthly),Premium (¥15+),Glass Only,1,1,Female 21-30 (Wellness),Tier 2: Medium (¥150-300),2. High-Value Light User
32,Female,31-35,4,北上广,2-5%,Yes,,Monthly,3.0,0,1,1,10-15 RMB,3,1,1,0,1,0,0,1.0,1.0,0.0,0.0,1.0,0.0,1.0,0.0,0.0,0.0,Adjacent Age,0,Beijing/Shanghai/Guangzhou,12.5,12.0,150.0,450.0,1,0,Light User (Monthly),Mid-Premium (¥10-15),Can Only,0,0,Non-target,Tier 2: Medium (¥150-300),5. Other Segments
33,Female,21-25,2,其他,None,Yes,,Yearly,4.0,1,1,0,5-10 RMB,2,1,1,0,1,1,0,1.0,0.0,0.0,0.0,0.0,1.0,0.0,1.0,0.0,0.0,Target Age (21-30),1,Other Cities,7.5,1.0,7.5,22.5,0,0,Light User (Yearly),Mass Market (¥0-10),Both Glass & Can,1,0,Female 21-30 (Wellness),Tier 4: Very Low (<¥50),"3. Target Age, Price-Sensitive"
37,Female,21-25,2,北上广,2-5%,Yes,,Yearly,4.0,0,1,0,5-10 RMB,2,1,1,0,1,0,0,1.0,0.0,0.0,0.0,0.0,0.0,0.0,1.0,1.0,0.0,Target Age (21-30),1,Beijing/Shanghai/Guangzhou,7.5,1.0,7.5,22.5,0,0,Light User (Yearly),Mass Market (¥0-10),Can Only,1,0,Female 21-30 (Wellness),Tier 4: Very Low (<¥50),"3. Target Age, Price-Sensitive"
38,Female,21-25,2,北上广,5-10%,Yes,,Yearly,4.0,1,0,0,5-10 RMB,2,1,1,0,1,0,0,1.0,0.0,0.0,0.0,0.0,1.0,0.0,1.0,1.0,0.0,Target Age (21-30),1,Beijing/Shanghai/Guangzhou,7.5,1.0,7.5,22.5,0,0,Light User (Yearly),Mass Market (¥0-10),Glass Only,1,0,Female 21-30 (Wellness),Tier 4: Very Low (<¥50),"3. Target Age, Price-Sensitive"
39,Female,21-25,2,其他,5-10%,No,Yes,,,0,1,0,15-20 RMB,4,1,0,0,0,0,0,,,,,,,,,,,Target Age (21-30),1,Other Cities,17.5,,,,1,0,Unknown,Premium (¥15+),Can Only,0,0,Non-target,Unknown,"4. Target Age, Not Tried"
40,Female,31-35,4,北上广,2-5%,Yes,,Monthly,3.0,1,1,0,10-15 RMB,3,1,1,0,1,0,0,1.0,1.0,0.0,0.0,0.0,1.0,0.0,1.0,0.0,0.0,Adjacent Age,0,Beijing/Shanghai/Guangzhou,12.5,12.0,150.0,450.0,1,0,Light User (Monthly),Mid-Premium (¥10-15),Both Glass & Can,0,0,Non-target,Tier 2: Medium (¥150-300),5. Other Segments
42,Female,18-20,1,北上广,2-5%,Yes,,Yearly,4.0,1,1,0,10-15 RMB,3,1,1,0,0,0,0,1.0,0.0,0.0,0.0,1.0,0.0,0.0,0.0,1.0,0.0,Adjacent Age,0,Beijing/Shanghai/Guangzhou,12.5,1.0,12.5,37.5,1,0,Light User (Yearly),Mid-Premium (¥10-15),Both Glass & Can,0,0,Non-target,Tier 4: Very Low (<¥50),5. Other Segments
43,Female,26-30,3,北上广,5-10%,Yes,,Weekly,2.0,1,1,0,10-15 RMB,3,1,1,1,1,0,0,1.0,1.0,0.0,0.0,1.0,1.0,1.0,1.0,0.0,0.0,Target Age (21-30),1,Beijing/Shanghai/Guangzhou,12.5,52.0,650.0,1950.0,1,1,Heavy User (Weekly),Mid-Premium (¥10-15),Both Glass & Can,1,1,Female 21-30 (Wellness),Tier 1: High (¥300+),1. High-Value Heavy User
44,Female,18-20,1,北上广,None,No,Yes,,,0,1,0,10-15 RMB,3,1,1,0,0,0,0,,,,,,,,,,,Adjacent Age,0,Beijing/Shanghai/Guangzhou,12.5,,,,1,0,Unknown,Mid-Premium (¥10-15),Can Only,0,0,Non-target,Unknown,5. Other Segments
45,Male,26-30,3,其他,None,Yes,,Yearly,4.0,1,0,0,15-20 RMB,4,1,1,0,0,0,0,1.0,0.0,0.0,0.0,0.0,0.0,1.0,0.0,0.0,0.0,Target Age (21-30),1,Other Cities,17.5,1.0,17.5,52.5,1,0,Light User (Yearly),Premium (¥15+),Glass Only,1,1,Male 21-30 (Social),Tier 4: Very Low (<¥50),2. High-Value Light User
46,Male,21-25,2,北上广,5-10%,Yes,,Monthly,3.0,1,1,0,5-10 RMB,2,1,1,0,0,0,0,1.0,0.0,0.0,0.0,1.0,1.0,0.0,1.0,0.0,0.0,Target Age (21-30),1,Beijing/Shanghai/Guangzhou,7.5,12.0,90.0,270.0,0,0,Light User (Monthly),Mass Market (¥0-10),Both Glass & Can,1,0,Male 21-30 (Social),Tier 3: Low (¥50-150),"3. Target Age, Price-Sensitive"
47,Female,21-25,2,北上广,2-5%,Yes,,Monthly,3.0,0,1,0,5-10 RMB,2,1,0,0,1,0,0,1.0,0.0,0.0,0.0,0.0,1.0,1.0,1.0,0.0,0.0,Target Age (21-30),1,Beijing/Shanghai/Guangzhou,7.5,12.0,90.0,270.0,0,0,Light User (Monthly),Mass Market (¥0-10),Can Only,1,0,Female 21-30 (Wellness),Tier 3: Low (¥50-150),"3. Target Age, Price-Sensitive"
48,Female,21-25,2,其他,5-10%,Yes,,Monthly,3.0,1,1,0,10-15 RMB,3,1,0,0,1,0,0,1.0,0.0,0.0,0.0,1.0,1.0,0.0,0.0,0.0,0.0,Target Age (21-30),1,Other Cities,12.5,12.0,150.0,450.0,1,0,Light User (Monthly),Mid-Premium (¥10-15),Both Glass & Can,1,1,Female 21-30 (Wellness),Tier 2: Medium (¥150-300),2. High-Value Light User
49,Female,21-25,2,其他,20-40%,Yes,,Monthly,3.0,0,1,0,15-20 RMB,4,1,1,0,0,0,0,1.0,1.0,0.0,0.0,1.0,1.0,1.0,1.0,0.0,1.0,Target Age (21-30),1,Other Cities,17.5,12.0,210.0,630.0,1,0,Light User (Monthly),Premium (¥15+),Can Only,1,1,Female 21-30 (Wellness),Tier 2: Medium (¥150-300),2. High-Value Light User
50,Female,21-25,2,北上广,2-5%,Yes,,Monthly,3.0,1,1,1,5-10 RMB,2,1,0,0,1,0,0,1.0,0.0,0.0,0.0,1.0,0.0,0.0,0.0,0.0,0.0,Target Age (21-30),1,Beijing/Shanghai/Guangzhou,7.5,12.0,90.0,270.0,0,0,Light User (Monthly),Mass Market (¥0-10),Both Glass & Can,1,0,Female 21-30 (Wellness),Tier 3: Low (¥50-150),"3. Target Age, Price-Sensitive"
52,Female,36-40,5,其他,None,No,Yes,,,1,1,0,15-20 RMB,4,1,1,1,1,1,0,,,,,,,,,,,Other Age,0,Other Cities,17.5,,,,1,0,Unknown,Premium (¥15+),Both Glass & Can,0,0,Non-target,Unknown,5. Other Segments
53,Female,18-20,1,北上广,5-10%,Yes,,Monthly,3.0,0,1,1,5-10 RMB,2,1,1,0,0,0,0,1.0,1.0,0.0,0.0,1.0,0.0,0.0,0.0,0.0,0.0,Adjacent Age,0,Beijing/Shanghai/Guangzhou,7.5,12.0,90.0,270.0,0,0,Light User (Monthly),Mass Market (¥0-10),Can Only,0,0,Non-target,Tier 3: Low (¥50-150),5. Other Segments
54,Male,26-30,3,其他,2-5%,Yes,,Weekly,2.0,0,1,0,10-15 RMB,3,1,1,1,0,0,0,1.0,0.0,0.0,0.0,0.0,0.0,0.0,1.0,0.0,0.0,Target Age (21-30),1,Other Cities,12.5,52.0,650.0,1950.0,1,1,Heavy User (Weekly),Mid-Premium (¥10-15),Can Only,1,1,Male 21-30 (Social),Tier 1: High (¥300+),1. High-Value Heavy User
55,Male,21-25,2,其他,2-5%,Yes,,Monthly,3.0,1,1,0,15-20 RMB,4,1,1,1,1,0,0,1.0,1.0,1.0,0.0,1.0,1.0,0.0,1.0,0.0,0.0,Target Age (21-30),1,Other Cities,17.5,12.0,210.0,630.0,1,0,Light User (Monthly),Premium (¥15+),Both Glass & Can,1,1,Male 21-30 (Social),Tier 2: Medium (¥150-300),2. High-Value Light User
56,Male,21-25,2,其他,5-10%,No,Yes,,,1,0,0,20+ RMB,5,1,1,0,0,0,0,,,,,,,,,,,Target Age (21-30),1,Other Cities,22.5,,,,1,0,Unknown,Premium (¥15+),Glass Only,0,0,Non-target,Unknown,"4. Target Age, Not Tried"
58,Female,21-25,2,北上广,5-10%,Yes,,Weekly,2.0,1,1,0,15-20 RMB,4,1,1,0,1,0,0,1.0,0.0,0.0,0.0,0.0,1.0,0.0,1.0,0.0,0.0,Target Age (21-30),1,Beijing/Shanghai/Guangzhou,17.5,52.0,910.0,2730.0,1,1,Heavy User (Weekly),Premium (¥15+),Both Glass & Can,1,1,Female 21-30 (Wellness),Tier 1: High (¥300+),1. High-Value Heavy User
59,Female,31-35,4,北上广,2-5%,Yes,,Monthly,3.0,0,1,0,5-10 RMB,2,1,1,0,1,0,0,1.0,0.0,0.0,0.0,1.0,1.0,1.0,1.0,0.0,0.0,Adjacent Age,0,Beijing/Shanghai/Guangzhou,7.5,12.0,90.0,270.0,0,0,Light User (Monthly),Mass Market (¥0-10),Can Only,0,0,Non-target,Tier 3: Low (¥50-150),5. Other Segments
60,Male,18-20,1,其他,5-10%,Yes,,Monthly,3.0,1,0,0,20+ RMB,5,1,1,0,0,0,0,1.0,0.0,0.0,0.0,1.0,1.0,1.0,1.0,0.0,0.0,Adjacent Age,0,Other Cities,22.5,12.0,270.0,810.0,1,0,Light User (Monthly),Premium (¥15+),Glass Only,0,0,Non-target,Tier 2: Medium (¥150-300),5. Other Segments
61,Female,31-35,4,其他,10-20%,Yes,,Weekly,2.0,1,1,0,15-20 RMB,4,1,1,1,0,0,0,1.0,0.0,0.0,0.0,1.0,1.0,1.0,1.0,0.0,0.0,Adjacent Age,0,Other Cities,17.5,52.0,910.0,2730.0,1,1,Heavy User (Weekly),Premium (¥15+),Both Glass & Can,0,0,Non-target,Tier 1: High (¥300+),5. Other Segments
63,Female,18-20,1,其他,None,Yes,,Monthly,3.0,0,1,0,5-10 RMB,2,1,0,0,0,0,0,0.0,0.0,0.0,1.0,0.0,1.0,0.0,0.0,0.0,0.0,Adjacent Age,0,Other Cities,7.5,12.0,90.0,270.0,0,0,Light User (Monthly),Mass Market (¥0-10),Can Only,0,0,Non-target,Tier 3: Low (¥50-150),5. Other Segments
64,Male,21-25,2,其他,None,Yes,,Yearly,4.0,0,1,0,5-10 RMB,2,1,0,0,0,0,0,1.0,0.0,0.0,0.0,1.0,0.0,1.0,0.0,0.0,0.0,Target Age (21-30),1,Other Cities,7.5,1.0,7.5,22.5,0,0,Light User (Yearly),Mass Market (¥0-10),Can Only,1,0,Male 21-30 (Social),Tier 4: Very Low (<¥50),"3. Target Age, Price-Sensitive"
65,Male,18-20,1,北上广,10-20%,Yes,,Weekly,2.0,1,0,0,10-15 RMB,3,1,1,1,1,0,0,1.0,0.0,0.0,0.0,1.0,1.0,1.0,1.0,0.0,0.0,Adjacent Age,0,Beijing/Shanghai/Guangzhou,12.5,52.0,650.0,1950.0,1,1,Heavy User (Weekly),Mid-Premium (¥10-15),Glass Only,0,0,Non-target,Tier 1: High (¥300+),5. Other Segments
66,Female,18-20,1,北上广,2-5%,Yes,,Yearly,4.0,1,1,0,10-15 RMB,3,1,1,0,0,0,0,1.0,0.0,0.0,0.0,0.0,1.0,0.0,0.0,0.0,0.0,Adjacent Age,0,Beijing/Shanghai/Guangzhou,12.5,1.0,12.5,37.5,1,0,Light User (Yearly),Mid-Premium (¥10-15),Both Glass & Can,0,0,Non-target,Tier 4: Very Low (<¥50),5. Other Segments
67,Female,18-20,1,北上广,5-10%,Yes,,Monthly,3.0,1,0,0,15-20 RMB,4,1,0,0,0,0,0,1.0,0.0,0.0,0.0,0.0,1.0,0.0,0.0,0.0,0.0,Adjacent Age,0,Beijing/Shanghai/Guangzhou,17.5,12.0,210.0,630.0,1,0,Light User (Monthly),Premium (¥15+),Glass Only,0,0,Non-target,Tier 2: Medium (¥150-300),5. Other Segments
68,Female,26-30,3,其他,2-5%,Yes,,Yearly,4.0,0,1,0,5-10 RMB,2,1,1,0,1,0,0,1.0,1.0,0.0,0.0,1.0,1.0,1.0,1.0,0.0,0.0,Target Age (21-30),1,Other Cities,7.5,1.0,7.5,22.5,0,0,Light User (Yearly),Mass Market (¥0-10),Can Only,1,0,Female 21-30 (Wellness),Tier 4: Very Low (<¥50),"3. Target Age, Price-Sensitive"
69,Female,26-30,3,其他,5-10%,Yes,,Monthly,3.0,0,1,0,5-10 RMB,2,1,1,1,1,0,0,1.0,1.0,0.0,0.0,1.0,1.0,1.0,1.0,0.0,0.0,Target Age (21-30),1,Other Cities,7.5,12.0,90.0,270.0,0,0,Light User (Monthly),Mass Market (¥0-10),Can Only,1,0,Female 21-30 (Wellness),Tier 3: Low (¥50-150),"3. Target Age, Price-Sensitive"
70,Female,21-25,2,其他,5-10%,Yes,,Weekly,2.0,0,1,1,10-15 RMB,3,1,1,0,1,0,0,1.0,0.0,0.0,1.0,1.0,0.0,0.0,1.0,0.0,0.0,Target Age (21-30),1,Other Cities,12.5,52.0,650.0,1950.0,1,1,Heavy User (Weekly),Mid-Premium (¥10-15),Can Only,1,1,Female 21-30 (Wellness),Tier 1: High (¥300+),1. High-Value Heavy User
71,Female,21-25,2,北上广,10-20%,Yes,,Yearly,4.0,1,0,0,20+ RMB,5,1,1,0,1,0,0,1.0,0.0,0.0,0.0,0.0,1.0,0.0,0.0,0.0,0.0,Target Age (21-30),1,Beijing/Shanghai/Guangzhou,22.5,1.0,22.5,67.5,1,0,Light User (Yearly),Premium (¥15+),Glass Only,1,1,Female 21-30 (Wellness),Tier 4: Very Low (<¥50),2. High-Value Light User
72,Female,21-25,2,北上广,2-5%,Yes,,Monthly,3.0,0,1,0,5-10 RMB,2,1,0,0,1,0,0,1.0,0.0,0.0,0.0,1.0,1.0,1.0,1.0,0.0,0.0,Target Age (21-30),1,Beijing/Shanghai/Guangzhou,7.5,12.0,90.0,270.0,0,0,Light User (Monthly),Mass Market (¥0-10),Can Only,1,0,Female 21-30 (Wellness),Tier 3: Low (¥50-150),"3. Target Age, Price-Sensitive"
73,Male,21-25,2,北上广,5-10%,Yes,,Yearly,4.0,1,1,0,10-15 RMB,3,1,1,0,0,0,0,1.0,1.0,0.0,0.0,1.0,1.0,1.0,1.0,0.0,0.0,Target Age (21-30),1,Beijing/Shanghai/Guangzhou,12.5,1.0,12.5,37.5,1,0,Light User (Yearly),Mid-Premium (¥10-15),Both Glass & Can,1,1,Male 21-30 (Social),Tier 4: Very Low (<¥50),2. High-Value Light User
74,Male,18-20,1,北上广,2-5%,Yes,,Yearly,4.0,1,0,0,5-10 RMB,2,1,0,0,0,0,0,1.0,0.0,0.0,0.0,1.0,1.0,1.0,0.0,0.0,0.0,Adjacent Age,0,Beijing/Shanghai/Guangzhou,7.5,1.0,7.5,22.5,0,0,Light User (Yearly),Mass Market (¥0-10),Glass Only,0,0,Non-target,Tier 4: Very Low (<¥50),5. Other Segments
75,Male,26-30,3,北上广,2-5%,Yes,,Yearly,4.0,1,1,0,10-15 RMB,3,0,1,1,1,0,0,1.0,0.0,0.0,0.0,0.0,1.0,0.0,0.0,0.0,0.0,Target Age (21-30),1,Beijing/Shanghai/Guangzhou,12.5,1.0,12.5,37.5,1,0,Light User (Yearly),Mid-Premium (¥10-15),Both Glass & Can,1,1,Male 21-30 (Social),Tier 4: Very Low (<¥50),2. High-Value Light User
76,Female,26-30,3,其他,2-5%,Yes,,Yearly,4.0,1,0,0,10-15 RMB,3,1,1,0,0,0,0,1.0,0.0,0.0,0.0,1.0,0.0,0.0,1.0,0.0,0.0,Target Age (21-30),1,Other Cities,12.5,1.0,12.5,37.5,1,0,Light User (Yearly),Mid-Premium (¥10-15),Glass Only,1,1,Female 21-30 (Wellness),Tier 4: Very Low (<¥50),2. High-Value Light User
77,Female,36-40,5,其他,2-5%,Yes,,Monthly,3.0,1,1,0,20+ RMB,5,0,1,0,1,0,1,0.0,0.0,0.0,1.0,0.0,0.0,1.0,0.0,1.0,0.0,Other Age,0,Other Cities,22.5,12.0,270.0,810.0,1,0,Light User (Monthly),Premium (¥15+),Both Glass & Can,0,0,Non-target,Tier 2: Medium (¥150-300),5. Other Segments
78,Female,45-50,7,其他,5-10%,No,Yes,,,1,0,0,15-20 RMB,4,1,1,1,1,0,0,,,,,,,,,,,Other Age,0,Other Cities,17.5,,,,1,0,Unknown,Premium (¥15+),Glass Only,0,0,Non-target,Unknown,5. Other Segments
80,Female,18-20,1,北上广,2-5%,Yes,,Monthly,3.0,0,1,0,10-15 RMB,3,1,1,0,0,0,0,1.0,0.0,0.0,0.0,0.0,1.0,0.0,1.0,0.0,0.0,Adjacent Age,0,Beijing/Shanghai/Guangzhou,12.5,12.0,150.0,450.0,1,0,Light User (Monthly),Mid-Premium (¥10-15),Can Only,0,0,Non-target,Tier 2: Medium (¥150-300),5. Other Segments
81,Female,18-20,1,其他,2-5%,Yes,,Monthly,3.0,0,1,0,5-10 RMB,2,1,1,1,0,0,0,1.0,0.0,0.0,0.0,1.0,0.0,1.0,0.0,1.0,1.0,Adjacent Age,0,Other Cities,7.5,12.0,90.0,270.0,0,0,Light User (Monthly),Mass Market (¥0-10),Can Only,0,0,Non-target,Tier 3: Low (¥50-150),5. Other Segments
82,Female,26-30,3,其他,2-5%,Yes,,Weekly,2.0,1,0,0,5-10 RMB,2,1,0,1,0,0,0,1.0,0.0,0.0,0.0,1.0,0.0,0.0,0.0,0.0,0.0,Target Age (21-30),1,Other Cities,7.5,52.0,390.0,1170.0,0,1,Heavy User (Weekly),Mass Market (¥0-10),Glass Only,1,0,Female 21-30 (Wellness),Tier 1: High (¥300+),"3. Target Age, Price-Sensitive"
83,Male,21-25,2,北上广,5-10%,Yes,,Monthly,3.0,0,1,0,10-15 RMB,3,1,1,0,0,0,0,1.0,0.0,0.0,0.0,1.0,0.0,0.0,1.0,0.0,0.0,Target Age (21-30),1,Beijing/Shanghai/Guangzhou,12.5,12.0,150.0,450.0,1,0,Light User (Monthly),Mid-Premium (¥10-15),Can Only,1,1,Male 21-30 (Social),Tier 2: Medium (¥150-300),2. High-Value Light User
84,Male,21-25,2,其他,40%+,Yes,,Monthly,3.0,1,1,0,0-5 RMB,1,1,1,1,1,1,0,1.0,1.0,0.0,0.0,0.0,1.0,1.0,1.0,0.0,0.0,Target Age (21-30),1,Other Cities,2.5,12.0,30.0,90.0,0,0,Light User (Monthly),Mass Market (¥0-10),Both Glass & Can,1,0,Male 21-30 (Social),Tier 4: Very Low (<¥50),"3. Target Age, Price-Sensitive"
85,Male,26-30,3,北上广,2-5%,Yes,,Monthly,3.0,1,0,0,15-20 RMB,4,1,1,1,0,0,0,1.0,0.0,0.0,0.0,1.0,0.0,1.0,0.0,0.0,0.0,Target Age (21-30),1,Beijing/Shanghai/Guangzhou,17.5,12.0,210.0,630.0,1,0,Light User (Monthly),Premium (¥15+),Glass Only,1,1,Male 21-30 (Social),Tier 2: Medium (¥150-300),2. High-Value Light User
86,Female,26-30,3,北上广,5-10%,Yes,,Yearly,4.0,1,0,0,15-20 RMB,4,1,1,0,1,0,0,1.0,1.0,0.0,0.0,1.0,1.0,0.0,0.0,0.0,0.0,Target Age (21-30),1,Beijing/Shanghai/Guangzhou,17.5,1.0,17.5,52.5,1,0,Light User (Yearly),Premium (¥15+),Glass Only,1,1,Female 21-30 (Wellness),Tier 4: Very Low (<¥50),2. High-Value Light User
87,Male,21-25,2,其他,2-5%,Yes,,Yearly,4.0,0,1,0,5-10 RMB,2,1,1,0,1,0,0,1.0,0.0,0.0,0.0,0.0,1.0,0.0,0.0,0.0,0.0,Target Age (21-30),1,Other Cities,7.5,1.0,7.5,22.5,0,0,Light User (Yearly),Mass Market (¥0-10),Can Only,1,0,Male 21-30 (Social),Tier 4: Very Low (<¥50),"3. Target Age, Price-Sensitive"
88,Male,21-25,2,其他,2-5%,Yes,,Monthly,3.0,1,1,0,10-15 RMB,3,1,0,1,1,0,0,1.0,0.0,0.0,1.0,1.0,1.0,0.0,1.0,0.0,0.0,Target Age (21-30),1,Other Cities,12.5,12.0,150.0,450.0,1,0,Light User (Monthly),Mid-Premium (¥10-15),Both Glass & Can,1,1,Male 21-30 (Social),Tier 2: Medium (¥150-300),2. High-Value Light User
90,Female,18-20,1,北上广,None,Yes,,Yearly,4.0,1,1,0,5-10 RMB,2,1,1,0,0,0,0,1.0,0.0,0.0,0.0,0.0,1.0,0.0,0.0,0.0,0.0,Adjacent Age,0,Beijing/Shanghai/Guangzhou,7.5,1.0,7.5,22.5,0,0,Light User (Yearly),Mass Market (¥0-10),Both Glass & Can,0,0,Non-target,Tier 4: Very Low (<¥50),5. Other Segments
91,Female,21-25,2,北上广,20-40%,Yes,,Monthly,3.0,1,1,0,15-20 RMB,4,1,0,1,1,0,0,0.0,1.0,0.0,0.0,1.0,0.0,0.0,1.0,0.0,0.0,Target Age (21-30),1,Beijing/Shanghai/Guangzhou,17.5,12.0,210.0,630.0,1,0,Light User (Monthly),Premium (¥15+),Both Glass & Can,1,1,Female 21-30 (Wellness),Tier 2: Medium (¥150-300),2. High-Value Light User
92,Female,21-25,2,北上广,2-5%,Yes,,Yearly,4.0,0,0,1,15-20 RMB,4,1,0,0,0,0,0,0.0,1.0,0.0,0.0,1.0,1.0,0.0,0.0,0.0,0.0,Target Age (21-30),1,Beijing/Shanghai/Guangzhou,17.5,1.0,17.5,52.5,1,0,Light User (Yearly),Premium (¥15+),Other/None,1,1,Female 21-30 (Wellness),Tier 4: Very Low (<¥50),2. High-Value Light User
93,Female,18-20,1,北上广,2-5%,Yes,,Yearly,4.0,0,1,0,5-10 RMB,2,0,1,0,0,0,0,1.0,0.0,0.0,0.0,0.0,1.0,0.0,1.0,0.0,0.0,Adjacent Age,0,Beijing/Shanghai/Guangzhou,7.5,1.0,7.5,22.5,0,0,Light User (Yearly),Mass Market (¥0-10),Can Only,0,0,Non-target,Tier 4: Very Low (<¥50),5. Other Segments
94,Female,26-30,3,其他,2-5%,Yes,,Yearly,4.0,1,1,1,20+ RMB,5,1,0,0,1,0,0,1.0,0.0,0.0,0.0,1.0,0.0,0.0,0.0,0.0,0.0,Target Age (21-30),1,Other Cities,22.5,1.0,22.5,67.5,1,0,Light User (Yearly),Premium (¥15+),Both Glass & Can,1,1,Female 21-30 (Wellness),Tier 4: Very Low (<¥50),2. High-Value Light User
95,Female,18-20,1,北上广,5-10%,Yes,,Monthly,3.0,1,1,0,5-10 RMB,2,1,1,0,0,0,0,1.0,0.0,0.0,0.0,1.0,0.0,1.0,1.0,0.0,1.0,Adjacent Age,0,Beijing/Shanghai/Guangzhou,7.5,12.0,90.0,270.0,0,0,Light User (Monthly),Mass Market (¥0-10),Both Glass & Can,0,0,Non-target,Tier 3: Low (¥50-150),5. Other Segments
97,Female,21-25,2,其他,5-10%,Yes,,Monthly,3.0,1,1,0,10-15 RMB,3,1,1,1,1,0,0,0.0,1.0,0.0,0.0,0.0,1.0,0.0,1.0,0.0,0.0,Target Age (21-30),1,Other Cities,12.5,12.0,150.0,450.0,1,0,Light User (Monthly),Mid-Premium (¥10-15),Both Glass & Can,1,1,Female 21-30 (Wellness),Tier 2: Medium (¥150-300),2. High-Value Light User
99,Male,26-30,3,其他,10-20%,Yes,,Yearly,4.0,0,1,0,20+ RMB,5,1,1,0,1,0,0,1.0,0.0,0.0,0.0,1.0,0.0,0.0,0.0,0.0,0.0,Target Age (21-30),1,Other Cities,22.5,1.0,22.5,67.5,1,0,Light User (Yearly),Premium (¥15+),Can Only,1,1,Male 21-30 (Social),Tier 4: Very Low (<¥50),2. High-Value Light User
100,Female,26-30,3,其他,2-5%,Yes,,Monthly,3.0,0,0,0,10-15 RMB,3,0,1,0,0,1,0,1.0,0.0,0.0,0.0,0.0,0.0,0.0,1.0,0.0,0.0,Target Age (21-30),1,Other Cities,12.5,12.0,150.0,450.0,1,0,Light User (Monthly),Mid-Premium (¥10-15),Other/None,1,1,Female 21-30 (Wellness),Tier 2: Medium (¥150-300),2. High-Value Light User
101,Male,21-25,2,北上广,10-20%,No,Yes,,,1,1,0,15-20 RMB,4,1,0,0,1,0,0,,,,,,,,,,,Target Age (21-30),1,Beijing/Shanghai/Guangzhou,17.5,,,,1,0,Unknown,Premium (¥15+),Both Glass & Can,0,0,Non-target,Unknown,"4. Target Age, Not Tried"
102,Female,26-30,3,其他,10-20%,Yes,,Monthly,3.0,1,0,0,5-10 RMB,2,1,1,1,1,0,0,1.0,1.0,0.0,0.0,1.0,1.0,0.0,0.0,0.0,0.0,Target Age (21-30),1,Other Cities,7.5,12.0,90.0,270.0,0,0,Light User (Monthly),Mass Market (¥0-10),Glass Only,1,0,Female 21-30 (Wellness),Tier 3: Low (¥50-150),"3. Target Age, Price-Sensitive"
103,Male,21-25,2,北上广,5-10%,Yes,,Yearly,4.0,1,1,0,20+ RMB,5,1,1,1,1,1,0,1.0,1.0,0.0,0.0,1.0,1.0,0.0,0.0,0.0,1.0,Target Age (21-30),1,Beijing/Shanghai/Guangzhou,22.5,1.0,22.5,67.5,1,0,Light User (Yearly),Premium (¥15+),Both Glass & Can,1,1,Male 21-30 (Social),Tier 4: Very Low (<¥50),2. High-Value Light User
104,Male,21-25,2,其他,40%+,No,Yes,,,1,0,0,5-10 RMB,2,1,1,0,1,1,0,,,,,,,,,,,Target Age (21-30),1,Other Cities,7.5,,,,0,0,Unknown,Mass Market (¥0-10),Glass Only,0,0,Non-target,Unknown,"4. Target Age, Not Tried"
105,Female,21-25,2,北上广,None,Yes,,Yearly,4.0,1,0,0,20+ RMB,5,1,1,1,1,1,0,0.0,0.0,0.0,1.0,0.0,1.0,0.0,0.0,0.0,0.0,Target Age (21-30),1,Beijing/Shanghai/Guangzhou,22.5,1.0,22.5,67.5,1,0,Light User (Yearly),Premium (¥15+),Glass Only,1,1,Female 21-30 (Wellness),Tier 4: Very Low (<¥50),2. High-Value Light User
106,Female,21-25,2,北上广,5-10%,Yes,,Weekly,2.0,1,1,0,15-20 RMB,4,1,1,1,1,0,0,1.0,1.0,0.0,0.0,1.0,0.0,0.0,1.0,0.0,0.0,Target Age (21-30),1,Beijing/Shanghai/Guangzhou,17.5,52.0,910.0,2730.0,1,1,Heavy User (Weekly),Premium (¥15+),Both Glass & Can,1,1,Female 21-30 (Wellness),Tier 1: High (¥300+),1. High-Value Heavy User
107,Male,21-25,2,北上广,5-10%,Yes,,Monthly,3.0,0,1,0,5-10 RMB,2,1,1,0,1,0,0,1.0,0.0,0.0,0.0,1.0,0.0,1.0,0.0,0.0,0.0,Target Age (21-30),1,Beijing/Shanghai/Guangzhou,7.5,12.0,90.0,270.0,0,0,Light User (Monthly),Mass Market (¥0-10),Can Only,1,0,Male 21-30 (Social),Tier 3: Low (¥50-150),"3. Target Age, Price-Sensitive"
108,Female,21-25,2,其他,2-5%,Yes,,Yearly,4.0,1,0,0,10-15 RMB,3,1,0,0,0,0,0,1.0,0.0,0.0,0.0,0.0,0.0,0.0,1.0,0.0,0.0,Target Age (21-30),1,Other Cities,12.5,1.0,12.5,37.5,1,0,Light User (Yearly),Mid-Premium (¥10-15),Glass Only,1,1,Female 21-30 (Wellness),Tier 4: Very Low (<¥50),2. High-Value Light User
109,Female,18-20,1,其他,None,No,Yes,,,1,1,0,5-10 RMB,2,1,1,0,0,0,0,,,,,,,,,,,Adjacent Age,0,Other Cities,7.5,,,,0,0,Unknown,Mass Market (¥0-10),Both Glass & Can,0,0,Non-target,Unknown,5. Other Segments
110,Male,21-25,2,北上广,2-5%,Yes,,Monthly,3.0,0,1,0,10-15 RMB,3,1,1,0,0,0,0,1.0,0.0,0.0,0.0,1.0,0.0,0.0,0.0,0.0,0.0,Target Age (21-30),1,Beijing/Shanghai/Guangzhou,12.5,12.0,150.0,450.0,1,0,Light User (Monthly),Mid-Premium (¥10-15),Can Only,1,1,Male 21-30 (Social),Tier 2: Medium (¥150-300),2. High-Value Light User
111,Female,26-30,3,其他,None,Yes,,Yearly,4.0,1,1,0,5-10 RMB,2,1,1,0,0,0,0,1.0,0.0,0.0,0.0,1.0,0.0,0.0,1.0,0.0,0.0,Target Age (21-30),1,Other Cities,7.5,1.0,7.5,22.5,0,0,Light User (Yearly),Mass Market (¥0-10),Both Glass & Can,1,0,Female 21-30 (Wellness),Tier 4: Very Low (<¥50),"3. Target Age, Price-Sensitive"
112,Female,21-25,2,其他,10-20%,Yes,,Monthly,3.0,1,1,0,20+ RMB,5,1,1,0,0,1,0,1.0,0.0,0.0,1.0,1.0,1.0,0.0,1.0,0.0,0.0,Target Age (21-30),1,Other Cities,22.5,12.0,270.0,810.0,1,0,Light User (Monthly),Premium (¥15+),Both Glass & Can,1,1,Female 21-30 (Wellness),Tier 2: Medium (¥150-300),2. High-Value Light User
113,Female,21-25,2,其他,2-5%,Yes,,Yearly,4.0,0,1,0,5-10 RMB,2,1,1,1,1,0,0,1.0,0.0,0.0,0.0,0.0,0.0,0.0,0.0,0.0,0.0,Target Age (21-30),1,Other Cities,7.5,1.0,7.5,22.5,0,0,Light User (Yearly),Mass Market (¥0-10),Can Only,1,0,Female 21-30 (Wellness),Tier 4: Very Low (<¥50),"3. Target Age, Price-Sensitive"
114,Female,21-25,2,北上广,5-10%,No,Yes,,,1,1,0,10-15 RMB,3,1,1,0,0,0,0,,,,,,,,,,,Target Age (21-30),1,Beijing/Shanghai/Guangzhou,12.5,,,,1,0,Unknown,Mid-Premium (¥10-15),Both Glass & Can,0,0,Non-target,Unknown,"4. Target Age, Not Tried"
115,Male,26-30,3,其他,5-10%,Yes,,Weekly,2.0,1,0,0,20+ RMB,5,1,1,0,0,0,0,1.0,0.0,0.0,0.0,0.0,1.0,0.0,0.0,0.0,0.0,Target Age (21-30),1,Other Cities,22.5,52.0,1170.0,3510.0,1,1,Heavy User (Weekly),Premium (¥15+),Glass Only,1,1,Male 21-30 (Social),Tier 1: High (¥300+),1. High-Value Heavy User
116,Female,31-35,4,北上广,2-5%,Yes,,Yearly,4.0,1,1,0,10-15 RMB,3,1,1,1,1,0,0,1.0,0.0,1.0,0.0,1.0,0.0,1.0,1.0,0.0,0.0,Adjacent Age,0,Beijing/Shanghai/Guangzhou,12.5,1.0,12.5,37.5,1,0,Light User (Yearly),Mid-Premium (¥10-15),Both Glass & Can,0,0,Non-target,Tier 4: Very Low (<¥50),5. Other Segments
117,Male,18-20,1,北上广,None,Yes,,Yearly,4.0,1,1,1,5-10 RMB,2,1,1,0,0,0,0,1.0,0.0,0.0,0.0,1.0,1.0,1.0,1.0,0.0,0.0,Adjacent Age,0,Beijing/Shanghai/Guangzhou,7.5,1.0,7.5,22.5,0,0,Light User (Yearly),Mass Market (¥0-10),Both Glass & Can,0,0,Non-target,Tier 4: Very Low (<¥50),5. Other Segments
118,Female,18-20,1,北上广,2-5%,Yes,,Monthly,3.0,1,0,0,15-20 RMB,4,1,1,0,0,0,0,1.0,0.0,0.0,0.0,1.0,1.0,0.0,1.0,0.0,0.0,Adjacent Age,0,Beijing/Shanghai/Guangzhou,17.5,12.0,210.0,630.0,1,0,Light User (Monthly),Premium (¥15+),Glass Only,0,0,Non-target,Tier 2: Medium (¥150-300),5. Other Segments
119,Male,21-25,2,其他,40%+,No,Yes,,,1,1,0,20+ RMB,5,1,1,1,1,1,0,,,,,,,,,,,Target Age (21-30),1,Other Cities,22.5,,,,1,0,Unknown,Premium (¥15+),Both Glass & Can,0,0,Non-target,Unknown,"4. Target Age, Not Tried"
120,Female,51+,8,其他,2-5%,Yes,,Monthly,3.0,1,1,0,5-10 RMB,2,0,1,0,1,0,0,0.0,0.0,0.0,1.0,1.0,1.0,0.0,0.0,1.0,0.0,Other Age,0,Other Cities,7.5,12.0,90.0,270.0,0,0,Light User (Monthly),Mass Market (¥0-10),Both Glass & Can,0,0,Non-target,Tier 3: Low (¥50-150),5. Other Segments
121,Female,31-35,4,其他,5-10%,Yes,,Monthly,3.0,0,1,0,5-10 RMB,2,1,1,0,0,1,0,0.0,1.0,0.0,0.0,1.0,1.0,1.0,1.0,0.0,0.0,Adjacent Age,0,Other Cities,7.5,12.0,90.0,270.0,0,0,Light User (Monthly),Mass Market (¥0-10),Can Only,0,0,Non-target,Tier 3: Low (¥50-150),5. Other Segments
122,Male,18-20,1,北上广,None,Yes,,Yearly,4.0,0,1,0,5-10 RMB,2,1,1,0,0,0,0,1.0,0.0,0.0,0.0,0.0,1.0,0.0,0.0,0.0,0.0,Adjacent Age,0,Beijing/Shanghai/Guangzhou,7.5,1.0,7.5,22.5,0,0,Light User (Yearly),Mass Market (¥0-10),Can Only,0,0,Non-target,Tier 4: Very Low (<¥50),5. Other Segments
123,Female,26-30,3,其他,5-10%,No,Yes,,,1,0,0,10-15 RMB,3,1,1,1,1,0,0,,,,,,,,,,,Target Age (21-30),1,Other Cities,12.5,,,,1,0,Unknown,Mid-Premium (¥10-15),Glass Only,0,0,Non-target,Unknown,"4. Target Age, Not Tried"
124,Female,21-25,2,北上广,5-10%,Yes,,Monthly,3.0,0,1,0,5-10 RMB,2,1,1,1,1,0,0,1.0,0.0,0.0,0.0,1.0,1.0,1.0,1.0,0.0,0.0,Target Age (21-30),1,Beijing/Shanghai/Guangzhou,7.5,12.0,90.0,270.0,0,0,Light User (Monthly),Mass Market (¥0-10),Can Only,1,0,Female 21-30 (Wellness),Tier 3: Low (¥50-150),"3. Target Age, Price-Sensitive"
125,Male,21-25,2,北上广,20-40%,Yes,,Monthly,3.0,1,1,0,20+ RMB,5,1,1,1,1,0,0,0.0,0.0,0.0,1.0,1.0,0.0,1.0,0.0,0.0,1.0,Target Age (21-30),1,Beijing/Shanghai/Guangzhou,22.5,12.0,270.0,810.0,1,0,Light User (Monthly),Premium (¥15+),Both Glass & Can,1,1,Male 21-30 (Social),Tier 2: Medium (¥150-300),2. High-Value Light User
126,Female,21-25,2,其他,10-20%,Yes,,Monthly,3.0,0,1,0,10-15 RMB,3,1,1,1,1,0,0,1.0,0.0,0.0,0.0,1.0,1.0,1.0,1.0,0.0,0.0,Target Age (21-30),1,Other Cities,12.5,12.0,150.0,450.0,1,0,Light User (Monthly),Mid-Premium (¥10-15),Can Only,1,1,Female 21-30 (Wellness),Tier 2: Medium (¥150-300),2. High-Value Light User
127,Female,26-30,3,北上广,None,Yes,,Yearly,4.0,0,1,0,20+ RMB,5,0,0,0,0,0,1,0.0,0.0,0.0,1.0,0.0,0.0,0.0,0.0,0.0,0.0,Target Age (21-30),1,Beijing/Shanghai/Guangzhou,22.5,1.0,22.5,67.5,1,0,Light User (Yearly),Premium (¥15+),Can Only,1,1,Female 21-30 (Wellness),Tier 4: Very Low (<¥50),2. High-Value Light User
128,Female,45-50,7,其他,10-20%,Yes,,Yearly,4.0,0,1,0,15-20 RMB,4,0,1,0,1,0,1,0.0,0.0,0.0,1.0,1.0,0.0,0.0,1.0,0.0,0.0,Other Age,0,Other Cities,17.5,1.0,17.5,52.5,1,0,Light User (Yearly),Premium (¥15+),Can Only,0,0,Non-target,Tier 4: Very Low (<¥50),5. Other Segments
129,Female,21-25,2,其他,5-10%,Yes,,Monthly,3.0,1,1,0,10-15 RMB,3,1,1,0,0,0,0,0.0,0.0,0.0,1.0,0.0,0.0,1.0,1.0,1.0,0.0,Target Age (21-30),1,Other Cities,12.5,12.0,150.0,450.0,1,0,Light User (Monthly),Mid-Premium (¥10-15),Both Glass & Can,1,1,Female 21-30 (Wellness),Tier 2: Medium (¥150-300),2. High-Value Light User
130,Female,21-25,2,其他,5-10%,Yes,,Monthly,3.0,1,0,0,10-15 RMB,3,1,0,0,0,0,0,1.0,0.0,0.0,0.0,1.0,0.0,0.0,0.0,0.0,0.0,Target Age (21-30),1,Other Cities,12.5,12.0,150.0,450.0,1,0,Light User (Monthly),Mid-Premium (¥10-15),Glass Only,1,1,Female 21-30 (Wellness),Tier 2: Medium (¥150-300),2. High-Value Light User
131,Female,21-25,2,其他,5-10%,Yes,,Monthly,3.0,1,1,0,5-10 RMB,2,1,0,0,1,1,0,1.0,1.0,0.0,0.0,1.0,1.0,0.0,0.0,0.0,0.0,Target Age (21-30),1,Other Cities,7.5,12.0,90.0,270.0,0,0,Light User (Monthly),Mass Market (¥0-10),Both Glass & Can,1,0,Female 21-30 (Wellness),Tier 3: Low (¥50-150),"3. Target Age, Price-Sensitive"
132,Female,21-25,2,其他,5-10%,Yes,,Yearly,4.0,1,0,0,5-10 RMB,2,1,1,1,0,0,0,1.0,1.0,0.0,0.0,1.0,1.0,0.0,1.0,0.0,0.0,Target Age (21-30),1,Other Cities,7.5,1.0,7.5,22.5,0,0,Light User (Yearly),Mass Market (¥0-10),Glass Only,1,0,Female 21-30 (Wellness),Tier 4: Very Low (<¥50),"3. Target Age, Price-Sensitive"
133,Female,21-25,2,其他,2-5%,Yes,,Monthly,3.0,1,0,0,20+ RMB,5,1,0,0,1,0,0,1.0,1.0,1.0,0.0,0.0,0.0,1.0,1.0,0.0,0.0,Target Age (21-30),1,Other Cities,22.5,12.0,270.0,810.0,1,0,Light User (Monthly),Premium (¥15+),Glass Only,1,1,Female 21-30 (Wellness),Tier 2: Medium (¥150-300),2. High-Value Light User
134,Male,21-25,2,北上广,2-5%,Yes,,Yearly,4.0,0,1,0,5-10 RMB,2,1,1,0,0,0,0,1.0,0.0,0.0,0.0,1.0,0.0,0.0,1.0,0.0,0.0,Target Age (21-30),1,Beijing/Shanghai/Guangzhou,7.5,1.0,7.5,22.5,0,0,Light User (Yearly),Mass Market (¥0-10),Can Only,1,0,Male 21-30 (Social),Tier 4: Very Low (<¥50),"3. Target Age, Price-Sensitive"
135,Male,21-25,2,北上广,10-20%,Yes,,Weekly,2.0,0,1,0,5-10 RMB,2,0,1,0,1,0,0,1.0,0.0,0.0,0.0,1.0,1.0,0.0,0.0,0.0,0.0,Target Age (21-30),1,Beijing/Shanghai/Guangzhou,7.5,52.0,390.0,1170.0,0,1,Heavy User (Weekly),Mass Market (¥0-10),Can Only,1,0,Male 21-30 (Social),Tier 1: High (¥300+),"3. Target Age, Price-Sensitive"
136,Female,18-20,1,其他,None,Yes,,Yearly,4.0,1,0,0,10-15 RMB,3,1,1,0,0,0,0,1.0,0.0,0.0,0.0,0.0,0.0,1.0,1.0,0.0,0.0,Adjacent Age,0,Other Cities,12.5,1.0,12.5,37.5,1,0,Light User (Yearly),Mid-Premium (¥10-15),Glass Only,0,0,Non-target,Tier 4: Very Low (<¥50),5. Other Segments
137,Male,21-25,2,北上广,None,Yes,,Yearly,4.0,0,1,0,15-20 RMB,4,1,0,0,1,0,0,1.0,0.0,0.0,0.0,1.0,0.0,0.0,0.0,0.0,0.0,Target Age (21-30),1,Beijing/Shanghai/Guangzhou,17.5,1.0,17.5,52.5,1,0,Light User (Yearly),Premium (¥15+),Can Only,1,1,Male 21-30 (Social),Tier 4: Very Low (<¥50),2. High-Value Light User
138,Female,18-20,1,北上广,None,Yes,,Yearly,4.0,1,0,0,5-10 RMB,2,1,0,0,0,0,0,1.0,0.0,0.0,0.0,1.0,0.0,0.0,0.0,0.0,0.0,Adjacent Age,0,Beijing/Shanghai/Guangzhou,7.5,1.0,7.5,22.5,0,0,Light User (Yearly),Mass Market (¥0-10),Glass Only,0,0,Non-target,Tier 4: Very Low (<¥50),5. Other Segments
139,Female,31-35,4,其他,5-10%,Yes,,Monthly,3.0,1,1,0,5-10 RMB,2,1,1,0,0,0,0,1.0,0.0,0.0,0.0,1.0,0.0,1.0,1.0,0.0,0.0,Adjacent Age,0,Other Cities,7.5,12.0,90.0,270.0,0,0,Light User (Monthly),Mass Market (¥0-10),Both Glass & Can,0,0,Non-target,Tier 3: Low (¥50-150),5. Other Segments
140,Male,18-20,1,北上广,2-5%,Yes,,Monthly,3.0,0,1,0,0-5 RMB,1,1,1,0,0,0,0,1.0,0.0,0.0,0.0,1.0,1.0,0.0,0.0,0.0,0.0,Adjacent Age,0,Beijing/Shanghai/Guangzhou,2.5,12.0,30.0,90.0,0,0,Light User (Monthly),Mass Market (¥0-10),Can Only,0,0,Non-target,Tier 4: Very Low (<¥50),5. Other Segments
142,Male,21-25,2,北上广,10-20%,Yes,,Yearly,4.0,1,0,0,10-15 RMB,3,0,1,0,1,0,0,1.0,1.0,0.0,0.0,1.0,0.0,1.0,0.0,0.0,0.0,Target Age (21-30),1,Beijing/Shanghai/Guangzhou,12.5,1.0,12.5,37.5,1,0,Light User (Yearly),Mid-Premium (¥10-15),Glass Only,1,1,Male 21-30 (Social),Tier 4: Very Low (<¥50),2. High-Value Light User
144,Female,21-25,2,其他,10-20%,Yes,,Monthly,3.0,1,0,0,15-20 RMB,4,1,1,0,0,0,0,1.0,1.0,0.0,0.0,0.0,0.0,0.0,1.0,0.0,1.0,Target Age (21-30),1,Other Cities,17.5,12.0,210.0,630.0,1,0,Light User (Monthly),Premium (¥15+),Glass Only,1,1,Female 21-30 (Wellness),Tier 2: Medium (¥150-300),2. High-Value Light User
145,Female,18-20,1,其他,2-5%,Yes,,Yearly,4.0,1,0,0,10-15 RMB,3,1,1,0,0,0,0,0.0,0.0,0.0,1.0,1.0,0.0,1.0,0.0,0.0,0.0,Adjacent Age,0,Other Cities,12.5,1.0,12.5,37.5,1,0,Light User (Yearly),Mid-Premium (¥10-15),Glass Only,0,0,Non-target,Tier 4: Very Low (<¥50),5. Other Segments
146,Female,21-25,2,北上广,2-5%,Yes,,Yearly,4.0,1,0,0,5-10 RMB,2,0,1,0,1,0,0,1.0,0.0,0.0,0.0,1.0,0.0,0.0,1.0,0.0,0.0,Target Age (21-30),1,Beijing/Shanghai/Guangzhou,7.5,1.0,7.5,22.5,0,0,Light User (Yearly),Mass Market (¥0-10),Glass Only,1,0,Female 21-30 (Wellness),Tier 4: Very Low (<¥50),"3. Target Age, Price-Sensitive"
147,Male,31-35,4,其他,None,Yes,,Yearly,4.0,1,0,0,15-20 RMB,4,1,1,0,0,0,0,1.0,0.0,0.0,0.0,1.0,0.0,0.0,0.0,0.0,0.0,Adjacent Age,0,Other Cities,17.5,1.0,17.5,52.5,1,0,Light User (Yearly),Premium (¥15+),Glass Only,0,0,Non-target,Tier 4: Very Low (<¥50),5. Other Segments
148,Female,21-25,2,其他,5-10%,Yes,,Yearly,4.0,1,0,0,5-10 RMB,2,1,1,1,1,0,0,1.0,0.0,0.0,0.0,1.0,1.0,1.0,1.0,0.0,0.0,Target Age (21-30),1,Other Cities,7.5,1.0,7.5,22.5,0,0,Light User (Yearly),Mass Market (¥0-10),Glass Only,1,0,Female 21-30 (Wellness),Tier 4: Very Low (<¥50),"3. Target Age, Price-Sensitive"
149,Male,26-30,3,北上广,5-10%,No,Yes,,,0,1,0,15-20 RMB,4,1,1,0,1,0,0,,,,,,,,,,,Target Age (21-30),1,Beijing/Shanghai/Guangzhou,17.5,,,,1,0,Unknown,Premium (¥15+),Can Only,0,0,Non-target,Unknown,"4. Target Age, Not Tried"
150,Male,21-25,2,其他,5-10%,Yes,,Monthly,3.0,1,0,0,5-10 RMB,2,1,1,0,0,0,0,1.0,0.0,0.0,0.0,0.0,0.0,0.0,1.0,0.0,0.0,Target Age (21-30),1,Other Cities,7.5,12.0,90.0,270.0,0,0,Light User (Monthly),Mass Market (¥0-10),Glass Only,1,0,Male 21-30 (Social),Tier 3: Low (¥50-150),"3. Target Age, Price-Sensitive"
151,Female,45-50,7,其他,40%+,Yes,,Monthly,3.0,1,0,0,20+ RMB,5,0,1,0,0,0,0,1.0,0.0,0.0,0.0,0.0,1.0,0.0,0.0,1.0,1.0,Other Age,0,Other Cities,22.5,12.0,270.0,810.0,1,0,Light User (Monthly),Premium (¥15+),Glass Only,0,0,Non-target,Tier 2: Medium (¥150-300),5. Other Segments
152,Female,26-30,3,其他,5-10%,Yes,,Monthly,3.0,1,1,0,5-10 RMB,2,1,1,0,1,1,0,1.0,0.0,0.0,0.0,1.0,1.0,1.0,1.0,0.0,0.0,Target Age (21-30),1,Other Cities,7.5,12.0,90.0,270.0,0,0,Light User (Monthly),Mass Market (¥0-10),Both Glass & Can,1,0,Female 21-30 (Wellness),Tier 3: Low (¥50-150),"3. Target Age, Price-Sensitive"
153,Female,21-25,2,其他,20-40%,Yes,,Weekly,2.0,1,0,0,10-15 RMB,3,1,1,0,1,0,0,1.0,0.0,0.0,0.0,1.0,1.0,1.0,1.0,0.0,0.0,Target Age (21-30),1,Other Cities,12.5,52.0,650.0,1950.0,1,1,Heavy User (Weekly),Mid-Premium (¥10-15),Glass Only,1,1,Female 21-30 (Wellness),Tier 1: High (¥300+),1. High-Value Heavy User
154,Male,21-25,2,北上广,5-10%,Yes,,Yearly,4.0,1,1,0,10-15 RMB,3,1,0,0,1,0,0,1.0,0.0,0.0,0.0,0.0,1.0,0.0,1.0,0.0,0.0,Target Age (21-30),1,Beijing/Shanghai/Guangzhou,12.5,1.0,12.5,37.5,1,0,Light User (Yearly),Mid-Premium (¥10-15),Both Glass & Can,1,1,Male 21-30 (Social),Tier 4: Very Low (<¥50),2. High-Value Light User
155,Female,26-30,3,其他,None,Yes,,Yearly,4.0,0,1,0,15-20 RMB,4,0,0,0,0,0,1,1.0,0.0,0.0,0.0,0.0,1.0,1.0,0.0,0.0,0.0,Target Age (21-30),1,Other Cities,17.5,1.0,17.5,52.5,1,0,Light User (Yearly),Premium (¥15+),Can Only,1,1,Female 21-30 (Wellness),Tier 4: Very Low (<¥50),2. High-Value Light User
156,Female,26-30,3,其他,10-20%,Yes,,Yearly,4.0,0,1,0,10-15 RMB,3,0,1,0,1,0,0,1.0,0.0,0.0,0.0,0.0,0.0,0.0,1.0,0.0,0.0,Target Age (21-30),1,Other Cities,12.5,1.0,12.5,37.5,1,0,Light User (Yearly),Mid-Premium (¥10-15),Can Only,1,1,Female 21-30 (Wellness),Tier 4: Very Low (<¥50),2. High-Value Light User
157,Female,21-25,2,北上广,5-10%,Yes,,Yearly,4.0,1,1,0,5-10 RMB,2,1,1,0,1,0,0,1.0,0.0,0.0,0.0,1.0,0.0,0.0,0.0,0.0,0.0,Target Age (21-30),1,Beijing/Shanghai/Guangzhou,7.5,1.0,7.5,22.5,0,0,Light User (Yearly),Mass Market (¥0-10),Both Glass & Can,1,0,Female 21-30 (Wellness),Tier 4: Very Low (<¥50),"3. Target Age, Price-Sensitive"
159,Female,21-25,2,北上广,5-10%,Yes,,Yearly,4.0,0,1,0,0-5 RMB,1,1,1,1,1,0,0,1.0,1.0,0.0,0.0,1.0,1.0,0.0,1.0,1.0,0.0,Target Age (21-30),1,Beijing/Shanghai/Guangzhou,2.5,1.0,2.5,7.5,0,0,Light User (Yearly),Mass Market (¥0-10),Can Only,1,0,Female 21-30 (Wellness),Tier 4: Very Low (<¥50),"3. Target Age, Price-Sensitive"
160,Female,21-25,2,其他,2-5%,No,Yes,,,1,0,0,20+ RMB,5,1,1,0,0,0,0,,,,,,,,,,,Target Age (21-30),1,Other Cities,22.5,,,,1,0,Unknown,Premium (¥15+),Glass Only,0,0,Non-target,Unknown,"4. Target Age, Not Tried"
162,Female,31-35,4,北上广,10-20%,No,Yes,,,1,0,0,5-10 RMB,2,1,0,0,0,0,0,,,,,,,,,,,Adjacent Age,0,Beijing/Shanghai/Guangzhou,7.5,,,,0,0,Unknown,Mass Market (¥0-10),Glass Only,0,0,Non-target,Unknown,5. Other Segments
163,Female,21-25,2,其他,10-20%,Yes,,Monthly,3.0,1,0,0,15-20 RMB,4,1,1,0,1,0,0,1.0,0.0,0.0,0.0,1.0,1.0,1.0,1.0,0.0,0.0,Target Age (21-30),1,Other Cities,17.5,12.0,210.0,630.0,1,0,Light User (Monthly),Premium (¥15+),Glass Only,1,1,Female 21-30 (Wellness),Tier 2: Medium (¥150-300),2. High-Value Light User
164,Male,18-20,1,北上广,None,Yes,,Monthly,3.0,0,0,0,10-15 RMB,3,1,1,0,0,0,0,0.0,0.0,0.0,1.0,0.0,0.0,1.0,0.0,0.0,0.0,Adjacent Age,0,Beijing/Shanghai/Guangzhou,12.5,12.0,150.0,450.0,1,0,Light User (Monthly),Mid-Premium (¥10-15),Other/None,0,0,Non-target,Tier 2: Medium (¥150-300),5. Other Segments
165,Female,21-25,2,其他,2-5%,Yes,,Monthly,3.0,1,1,0,5-10 RMB,2,1,1,0,0,0,0,1.0,0.0,0.0,0.0,1.0,0.0,1.0,1.0,0.0,0.0,Target Age (21-30),1,Other Cities,7.5,12.0,90.0,270.0,0,0,Light User (Monthly),Mass Market (¥0-10),Both Glass & Can,1,0,Female 21-30 (Wellness),Tier 3: Low (¥50-150),"3. Target Age, Price-Sensitive"
166,Male,18-20,1,北上广,2-5%,Yes,,Monthly,3.0,1,0,0,10-15 RMB,3,1,1,0,0,0,0,1.0,0.0,0.0,0.0,1.0,0.0,0.0,0.0,0.0,0.0,Adjacent Age,0,Beijing/Shanghai/Guangzhou,12.5,12.0,150.0,450.0,1,0,Light User (Monthly),Mid-Premium (¥10-15),Glass Only,0,0,Non-target,Tier 2: Medium (¥150-300),5. Other Segments
167,Male,31-35,4,其他,None,Yes,,Monthly,3.0,1,0,0,10-15 RMB,3,0,0,1,0,0,0,0.0,0.0,0.0,1.0,1.0,0.0,0.0,0.0,0.0,0.0,Adjacent Age,0,Other Cities,12.5,12.0,150.0,450.0,1,0,Light User (Monthly),Mid-Premium (¥10-15),Glass Only,0,0,Non-target,Tier 2: Medium (¥150-300),5. Other Segments
168,Female,26-30,3,其他,None,Yes,,Yearly,4.0,1,0,0,10-15 RMB,3,1,0,0,0,0,0,1.0,0.0,0.0,0.0,0.0,0.0,1.0,0.0,0.0,0.0,Target Age (21-30),1,Other Cities,12.5,1.0,12.5,37.5,1,0,Light User (Yearly),Mid-Premium (¥10-15),Glass Only,1,1,Female 21-30 (Wellness),Tier 4: Very Low (<¥50),2. High-Value Light User
170,Female,26-30,3,北上广,10-20%,Yes,,Yearly,4.0,0,1,0,15-20 RMB,4,1,0,0,1,0,0,1.0,1.0,0.0,0.0,1.0,0.0,0.0,1.0,0.0,0.0,Target Age (21-30),1,Beijing/Shanghai/Guangzhou,17.5,1.0,17.5,52.5,1,0,Light User (Yearly),Premium (¥15+),Can Only,1,1,Female 21-30 (Wellness),Tier 4: Very Low (<¥50),2. High-Value Light User
171,Female,41-45,6,其他,10-20%,No,Yes,,,0,1,0,10-15 RMB,3,0,1,0,1,0,0,,,,,,,,,,,Other Age,0,Other Cities,12.5,,,,1,0,Unknown,Mid-Premium (¥10-15),Can Only,0,0,Non-target,Unknown,5. Other Segments
172,Female,21-25,2,其他,5-10%,Yes,,Yearly,4.0,1,1,0,10-15 RMB,3,1,1,0,1,0,0,1.0,0.0,0.0,0.0,1.0,0.0,0.0,1.0,0.0,0.0,Target Age (21-30),1,Other Cities,12.5,1.0,12.5,37.5,1,0,Light User (Yearly),Mid-Premium (¥10-15),Both Glass & Can,1,1,Female 21-30 (Wellness),Tier 4: Very Low (<¥50),2. High-Value Light User
173,Female,18-20,1,北上广,2-5%,Yes,,Yearly,4.0,1,0,0,10-15 RMB,3,0,1,0,0,0,0,0.0,0.0,0.0,1.0,1.0,1.0,1.0,0.0,1.0,0.0,Adjacent Age,0,Beijing/Shanghai/Guangzhou,12.5,1.0,12.5,37.5,1,0,Light User (Yearly),Mid-Premium (¥10-15),Glass Only,0,0,Non-target,Tier 4: Very Low (<¥50),5. Other Segments
174,Male,21-25,2,其他,2-5%,Yes,,Monthly,3.0,1,1,1,5-10 RMB,2,1,1,0,0,0,0,1.0,0.0,0.0,0.0,1.0,1.0,1.0,1.0,0.0,0.0,Target Age (21-30),1,Other Cities,7.5,12.0,90.0,270.0,0,0,Light User (Monthly),Mass Market (¥0-10),Both Glass & Can,1,0,Male 21-30 (Social),Tier 3: Low (¥50-150),"3. Target Age, Price-Sensitive"
175,Male,18-20,1,其他,5-10%,Yes,,Monthly,3.0,0,1,0,10-15 RMB,3,1,1,0,0,0,0,1.0,0.0,0.0,0.0,0.0,0.0,0.0,1.0,0.0,0.0,Adjacent Age,0,Other Cities,12.5,12.0,150.0,450.0,1,0,Light User (Monthly),Mid-Premium (¥10-15),Can Only,0,0,Non-target,Tier 2: Medium (¥150-300),5. Other Segments
176,Male,21-25,2,其他,10-20%,Yes,,Yearly,4.0,1,1,0,20+ RMB,5,1,1,1,1,1,0,1.0,0.0,0.0,0.0,1.0,1.0,1.0,1.0,0.0,0.0,Target Age (21-30),1,Other Cities,22.5,1.0,22.5,67.5,1,0,Light User (Yearly),Premium (¥15+),Both Glass & Can,1,1,Male 21-30 (Social),Tier 4: Very Low (<¥50),2. High-Value Light User
177,Male,18-20,1,北上广,None,No,Yes,,,1,0,0,10-15 RMB,3,1,1,0,0,0,0,,,,,,,,,,,Adjacent Age,0,Beijing/Shanghai/Guangzhou,12.5,,,,1,0,Unknown,Mid-Premium (¥10-15),Glass Only,0,0,Non-target,Unknown,5. Other Segments
178,Female,21-25,2,北上广,None,Yes,,Yearly,4.0,1,0,0,10-15 RMB,3,1,1,0,0,0,0,1.0,0.0,0.0,0.0,1.0,1.0,0.0,0.0,0.0,0.0,Target Age (21-30),1,Beijing/Shanghai/Guangzhou,12.5,1.0,12.5,37.5,1,0,Light User (Yearly),Mid-Premium (¥10-15),Glass Only,1,1,Female 21-30 (Wellness),Tier 4: Very Low (<¥50),2. High-Value Light User
180,Female,41-45,6,北上广,2-5%,Yes,,Yearly,4.0,0,1,0,0-5 RMB,1,1,1,1,1,0,0,0.0,0.0,0.0,1.0,0.0,0.0,0.0,0.0,1.0,0.0,Other Age,0,Beijing/Shanghai/Guangzhou,2.5,1.0,2.5,7.5,0,0,Light User (Yearly),Mass Market (¥0-10),Can Only,0,0,Non-target,Tier 4: Very Low (<¥50),5. Other Segments
181,Female,21-25,2,北上广,5-10%,Yes,,Yearly,4.0,1,1,0,15-20 RMB,4,1,0,1,0,0,0,1.0,1.0,0.0,0.0,0.0,0.0,1.0,1.0,0.0,0.0,Target Age (21-30),1,Beijing/Shanghai/Guangzhou,17.5,1.0,17.5,52.5,1,0,Light User (Yearly),Premium (¥15+),Both Glass & Can,1,1,Female 21-30 (Wellness),Tier 4: Very Low (<¥50),2. High-Value Light User
182,Male,36-40,5,北上广,40%+,No,Yes,,,1,1,1,5-10 RMB,2,1,1,0,1,0,0,,,,,,,,,,,Other Age,0,Beijing/Shanghai/Guangzhou,7.5,,,,0,0,Unknown,Mass Market (¥0-10),Both Glass & Can,0,0,Non-target,Unknown,5. Other Segments
184,Female,21-25,2,北上广,2-5%,Yes,,Monthly,3.0,0,1,0,5-10 RMB,2,1,1,0,0,0,0,1.0,0.0,0.0,0.0,1.0,0.0,0.0,1.0,0.0,0.0,Target Age (21-30),1,Beijing/Shanghai/Guangzhou,7.5,12.0,90.0,270.0,0,0,Light User (Monthly),Mass Market (¥0-10),Can Only,1,0,Female 21-30 (Wellness),Tier 3: Low (¥50-150),"3. Target Age, Price-Sensitive"
185,Male,21-25,2,北上广,20-40%,No,Yes,,,1,1,0,10-15 RMB,3,1,1,0,0,0,0,,,,,,,,,,,Target Age (21-30),1,Beijing/Shanghai/Guangzhou,12.5,,,,1,0,Unknown,Mid-Premium (¥10-15),Both Glass & Can,0,0,Non-target,Unknown,"4. Target Age, Not Tried"
186,Male,26-30,3,北上广,20-40%,Yes,,Yearly,4.0,1,1,1,15-20 RMB,4,1,1,1,1,0,0,1.0,0.0,0.0,0.0,0.0,0.0,1.0,0.0,0.0,0.0,Target Age (21-30),1,Beijing/Shanghai/Guangzhou,17.5,1.0,17.5,52.5,1,0,Light User (Yearly),Premium (¥15+),Both Glass & Can,1,1,Male 21-30 (Social),Tier 4: Very Low (<¥50),2. High-Value Light User
187,Female,21-25,2,北上广,5-10%,Yes,,Monthly,3.0,0,1,1,10-15 RMB,3,1,1,1,0,0,0,1.0,1.0,0.0,0.0,1.0,1.0,1.0,0.0,0.0,0.0,Target Age (21-30),1,Beijing/Shanghai/Guangzhou,12.5,12.0,150.0,450.0,1,0,Light User (Monthly),Mid-Premium (¥10-15),Can Only,1,1,Female 21-30 (Wellness),Tier 2: Medium (¥150-300),2. High-Value Light User
188,Female,18-20,1,北上广,None,Yes,,Yearly,4.0,1,0,0,5-10 RMB,2,1,0,0,0,0,0,1.0,0.0,0.0,0.0,1.0,0.0,0.0,0.0,0.0,0.0,Adjacent Age,0,Beijing/Shanghai/Guangzhou,7.5,1.0,7.5,22.5,0,0,Light User (Yearly),Mass Market (¥0-10),Glass Only,0,0,Non-target,Tier 4: Very Low (<¥50),5. Other Segments
189,Female,45-50,7,其他,2-5%,Yes,,Monthly,3.0,1,1,0,15-20 RMB,4,1,1,0,0,0,0,1.0,1.0,0.0,0.0,1.0,1.0,0.0,1.0,0.0,0.0,Other Age,0,Other Cities,17.5,12.0,210.0,630.0,1,0,Light User (Monthly),Premium (¥15+),Both Glass & Can,0,0,Non-target,Tier 2: Medium (¥150-300),5. Other Segments
190,Male,26-30,3,北上广,None,Yes,,Yearly,4.0,0,1,1,0-5 RMB,1,1,1,0,1,0,0,1.0,0.0,0.0,0.0,1.0,1.0,1.0,0.0,0.0,0.0,Target Age (21-30),1,Beijing/Shanghai/Guangzhou,2.5,1.0,2.5,7.5,0,0,Light User (Yearly),Mass Market (¥0-10),Can Only,1,0,Male 21-30 (Social),Tier 4: Very Low (<¥50),"3. Target Age, Price-Sensitive"
191,Female,41-45,6,其他,5-10%,Yes,,Yearly,4.0,1,0,0,5-10 RMB,2,1,0,0,1,0,0,0.0,1.0,0.0,0.0,0.0,0.0,1.0,0.0,0.0,0.0,Other Age,0,Other Cities,7.5,1.0,7.5,22.5,0,0,Light User (Yearly),Mass Market (¥0-10),Glass Only,0,0,Non-target,Tier 4: Very Low (<¥50),5. Other Segments
192,Male,41-45,6,其他,5-10%,Yes,,Monthly,3.0,1,1,0,5-10 RMB,2,1,1,0,1,0,0,1.0,0.0,0.0,0.0,0.0,0.0,1.0,0.0,0.0,0.0,Other Age,0,Other Cities,7.5,12.0,90.0,270.0,0,0,Light User (Monthly),Mass Market (¥0-10),Both Glass & Can,0,0,Non-target,Tier 3: Low (¥50-150),5. Other Segments
193,Female,45-50,7,其他,None,Yes,,Monthly,3.0,1,0,0,10-15 RMB,3,0,1,0,0,0,0,1.0,0.0,0.0,0.0,0.0,0.0,0.0,1.0,0.0,0.0,Other Age,0,Other Cities,12.5,12.0,150.0,450.0,1,0,Light User (Monthly),Mid-Premium (¥10-15),Glass Only,0,0,Non-target,Tier 2: Medium (¥150-300),5. Other Segments
194,Male,26-30,3,北上广,20-40%,Yes,,Weekly,2.0,1,1,0,15-20 RMB,4,1,1,1,1,0,0,1.0,0.0,0.0,0.0,1.0,1.0,1.0,1.0,0.0,0.0,Target Age (21-30),1,Beijing/Shanghai/Guangzhou,17.5,52.0,910.0,2730.0,1,1,Heavy User (Weekly),Premium (¥15+),Both Glass & Can,1,1,Male 21-30 (Social),Tier 1: High (¥300+),1. High-Value Heavy User
196,Male,31-35,4,北上广,5-10%,No,Yes,,,0,1,1,0-5 RMB,1,1,1,1,1,0,0,,,,,,,,,,,Adjacent Age,0,Beijing/Shanghai/Guangzhou,2.5,,,,0,0,Unknown,Mass Market (¥0-10),Can Only,0,0,Non-target,Unknown,5. Other Segments
197,Female,26-30,3,其他,5-10%,Yes,,Yearly,4.0,1,1,0,20+ RMB,5,1,1,1,1,0,0,1.0,1.0,0.0,0.0,1.0,1.0,1.0,1.0,0.0,0.0,Target Age (21-30),1,Other Cities,22.5,1.0,22.5,67.5,1,0,Light User (Yearly),Premium (¥15+),Both Glass & Can,1,1,Female 21-30 (Wellness),Tier 4: Very Low (<¥50),2. High-Value Light User
198,Female,21-25,2,其他,5-10%,Yes,,Monthly,3.0,1,0,0,15-20 RMB,4,0,1,1,1,0,0,1.0,0.0,0.0,0.0,1.0,1.0,0.0,1.0,0.0,0.0,Target Age (21-30),1,Other Cities,17.5,12.0,210.0,630.0,1,0,Light User (Monthly),Premium (¥15+),Glass Only,1,1,Female 21-30 (Wellness),Tier 2: Medium (¥150-300),2. High-Value Light User
199,Female,21-25,2,北上广,10-20%,Yes,,Monthly,3.0,1,1,0,5-10 RMB,2,1,1,0,1,0,0,1.0,0.0,0.0,0.0,1.0,1.0,1.0,1.0,0.0,0.0,Target Age (21-30),1,Beijing/Shanghai/Guangzhou,7.5,12.0,90.0,270.0,0,0,Light User (Monthly),Mass Market (¥0-10),Both Glass & Can,1,0,Female 21-30 (Wellness),Tier 3: Low (¥50-150),"3. Target Age, Price-Sensitive"
200,Male,31-35,4,其他,10-20%,Yes,,Monthly,3.0,1,0,0,5-10 RMB,2,1,1,0,0,0,0,1.0,0.0,0.0,0.0,1.0,1.0,1.0,0.0,0.0,0.0,Adjacent Age,0,Other Cities,7.5,12.0,90.0,270.0,0,0,Light User (Monthly),Mass Market (¥0-10),Glass Only,0,0,Non-target,Tier 3: Low (¥50-150),5. Other Segments
201,Female,51+,8,其他,40%+,No,Yes,,,1,0,0,5-10 RMB,2,0,1,0,1,0,0,,,,,,,,,,,Other Age,0,Other Cities,7.5,,,,0,0,Unknown,Mass Market (¥0-10),Glass Only,0,0,Non-target,Unknown,5. Other Segments
202,Male,31-35,4,北上广,5-10%,Yes,,Weekly,2.0,1,1,0,10-15 RMB,3,1,1,0,1,0,0,1.0,1.0,0.0,0.0,1.0,1.0,1.0,0.0,0.0,0.0,Adjacent Age,0,Beijing/Shanghai/Guangzhou,12.5,52.0,650.0,1950.0,1,1,Heavy User (Weekly),Mid-Premium (¥10-15),Both Glass & Can,0,0,Non-target,Tier 1: High (¥300+),5. Other Segments
203,Female,31-35,4,其他,40%+,Yes,,Monthly,3.0,0,0,1,0-5 RMB,1,0,1,1,0,0,0,1.0,1.0,0.0,0.0,0.0,1.0,0.0,0.0,0.0,0.0,Adjacent Age,0,Other Cities,2.5,12.0,30.0,90.0,0,0,Light User (Monthly),Mass Market (¥0-10),Other/None,0,0,Non-target,Tier 4: Very Low (<¥50),5. Other Segments
204,Male,31-35,4,其他,40%+,Yes,,Weekly,2.0,1,1,0,5-10 RMB,2,0,0,0,1,0,0,0.0,1.0,0.0,0.0,1.0,1.0,0.0,0.0,0.0,0.0,Adjacent Age,0,Other Cities,7.5,52.0,390.0,1170.0,0,1,Heavy User (Weekly),Mass Market (¥0-10),Both Glass & Can,0,0,Non-target,Tier 1: High (¥300+),5. Other Segments
205,Male,41-45,6,北上广,40%+,Yes,,Yearly,4.0,0,1,0,10-15 RMB,3,1,1,0,1,0,0,1.0,0.0,0.0,0.0,1.0,0.0,0.0,0.0,0.0,0.0,Other Age,0,Beijing/Shanghai/Guangzhou,12.5,1.0,12.5,37.5,1,0,Light User (Yearly),Mid-Premium (¥10-15),Can Only,0,0,Non-target,Tier 4: Very Low (<¥50),5. Other Segments
206,Male,18-20,1,北上广,2-5%,Yes,,Monthly,3.0,1,1,0,10-15 RMB,3,0,1,0,1,1,0,1.0,0.0,0.0,1.0,1.0,1.0,1.0,1.0,0.0,0.0,Adjacent Age,0,Beijing/Shanghai/Guangzhou,12.5,12.0,150.0,450.0,1,0,Light User (Monthly),Mid-Premium (¥10-15),Both Glass & Can,0,0,Non-target,Tier 2: Medium (¥150-300),5. Other Segments
207,Male,31-35,4,北上广,2-5%,Yes,,Yearly,4.0,1,0,0,20+ RMB,5,1,0,1,1,0,0,0.0,0.0,0.0,1.0,0.0,1.0,0.0,0.0,0.0,0.0,Adjacent Age,0,Beijing/Shanghai/Guangzhou,22.5,1.0,22.5,67.5,1,0,Light User (Yearly),Premium (¥15+),Glass Only,0,0,Non-target,Tier 4: Very Low (<¥50),5. Other Segments
208,Female,18-20,1,北上广,None,Yes,,Yearly,4.0,1,0,0,5-10 RMB,2,1,0,0,0,0,0,1.0,0.0,0.0,0.0,1.0,0.0,0.0,0.0,0.0,0.0,Adjacent Age,0,Beijing/Shanghai/Guangzhou,7.5,1.0,7.5,22.5,0,0,Light User (Yearly),Mass Market (¥0-10),Glass Only,0,0,Non-target,Tier 4: Very Low (<¥50),5. Other Segments
209,Male,36-40,5,其他,5-10%,Yes,,Weekly,2.0,0,1,0,10-15 RMB,3,1,1,0,1,0,0,1.0,1.0,0.0,1.0,1.0,0.0,0.0,0.0,0.0,0.0,Other Age,0,Other Cities,12.5,52.0,650.0,1950.0,1,1,Heavy User (Weekly),Mid-Premium (¥10-15),Can Only,0,0,Non-target,Tier 1: High (¥300+),5. Other Segments
210,Male,26-30,3,北上广,None,Yes,,Yearly,4.0,0,1,0,5-10 RMB,2,0,0,0,1,0,0,1.0,0.0,0.0,0.0,1.0,1.0,1.0,1.0,0.0,0.0,Target Age (21-30),1,Beijing/Shanghai/Guangzhou,7.5,1.0,7.5,22.5,0,0,Light User (Yearly),Mass Market (¥0-10),Can Only,1,0,Male 21-30 (Social),Tier 4: Very Low (<¥50),"3. Target Age, Price-Sensitive"
211,Female,21-25,2,其他,2-5%,Yes,,Weekly,2.0,0,1,0,10-15 RMB,3,1,1,1,1,0,0,1.0,0.0,0.0,0.0,1.0,1.0,1.0,0.0,0.0,0.0,Target Age (21-30),1,Other Cities,12.5,52.0,650.0,1950.0,1,1,Heavy User (Weekly),Mid-Premium (¥10-15),Can Only,1,1,Female 21-30 (Wellness),Tier 1: High (¥300+),1. High-Value Heavy User
212,Female,18-20,1,其他,None,Yes,,Yearly,4.0,0,1,0,5-10 RMB,2,1,0,0,0,0,0,1.0,0.0,0.0,0.0,0.0,1.0,0.0,0.0,0.0,1.0,Adjacent Age,0,Other Cities,7.5,1.0,7.5,22.5,0,0,Light User (Yearly),Mass Market (¥0-10),Can Only,0,0,Non-target,Tier 4: Very Low (<¥50),5. Other Segments
213,Male,45-50,7,北上广,5-10%,Yes,,Weekly,2.0,1,0,0,10-15 RMB,3,1,1,0,0,0,0,1.0,0.0,0.0,1.0,0.0,1.0,0.0,0.0,0.0,0.0,Other Age,0,Beijing/Shanghai/Guangzhou,12.5,52.0,650.0,1950.0,1,1,Heavy User (Weekly),Mid-Premium (¥10-15),Glass Only,0,0,Non-target,Tier 1: High (¥300+),5. Other Segments
214,Male,21-25,2,北上广,2-5%,Yes,,Yearly,4.0,1,1,0,5-10 RMB,2,1,1,0,0,0,0,1.0,0.0,0.0,0.0,1.0,0.0,0.0,0.0,0.0,0.0,Target Age (21-30),1,Beijing/Shanghai/Guangzhou,7.5,1.0,7.5,22.5,0,0,Light User (Yearly),Mass Market (¥0-10),Both Glass & Can,1,0,Male 21-30 (Social),Tier 4: Very Low (<¥50),"3. Target Age, Price-Sensitive"
215,Female,18-20,1,北上广,10-20%,Yes,,Monthly,3.0,1,1,1,20+ RMB,5,1,1,1,1,0,0,1.0,1.0,1.0,1.0,1.0,1.0,1.0,1.0,0.0,0.0,Adjacent Age,0,Beijing/Shanghai/Guangzhou,22.5,12.0,270.0,810.0,1,0,Light User (Monthly),Premium (¥15+),Both Glass & Can,0,0,Non-target,Tier 2: Medium (¥150-300),5. Other Segments
216,Male,21-25,2,其他,5-10%,Yes,,Monthly,3.0,1,0,0,10-15 RMB,3,0,1,1,1,0,0,1.0,1.0,1.0,0.0,1.0,1.0,1.0,0.0,0.0,0.0,Target Age (21-30),1,Other Cities,12.5,12.0,150.0,450.0,1,0,Light User (Monthly),Mid-Premium (¥10-15),Glass Only,1,1,Male 21-30 (Social),Tier 2: Medium (¥150-300),2. High-Value Light User
217,Female,41-45,6,其他,None,Yes,,Yearly,4.0,1,0,0,10-15 RMB,3,0,1,0,0,0,0,1.0,0.0,0.0,0.0,1.0,0.0,0.0,0.0,0.0,0.0,Other Age,0,Other Cities,12.5,1.0,12.5,37.5,1,0,Light User (Yearly),Mid-Premium (¥10-15),Glass Only,0,0,Non-target,Tier 4: Very Low (<¥50),5. Other Segments
218,Male,41-45,6,其他,None,Yes,,Weekly,2.0,1,1,0,15-20 RMB,4,1,1,0,0,0,0,0.0,0.0,0.0,1.0,1.0,1.0,0.0,0.0,0.0,0.0,Other Age,0,Other Cities,17.5,52.0,910.0,2730.0,1,1,Heavy User (Weekly),Premium (¥15+),Both Glass & Can,0,0,Non-target,Tier 1: High (¥300+),5. Other Segments
219,Male,45-50,7,其他,5-10%,Yes,,Yearly,4.0,1,0,0,15-20 RMB,4,1,1,0,1,0,0,1.0,0.0,0.0,0.0,1.0,1.0,1.0,1.0,0.0,0.0,Other Age,0,Other Cities,17.5,1.0,17.5,52.5,1,0,Light User (Yearly),Premium (¥15+),Glass Only,0,0,Non-target,Tier 4: Very Low (<¥50),5. Other Segments
220,Male,21-25,2,北上广,2-5%,Yes,,Weekly,2.0,1,0,0,20+ RMB,5,1,1,1,1,0,0,0.0,0.0,1.0,0.0,1.0,0.0,0.0,0.0,0.0,0.0,Target Age (21-30),1,Beijing/Shanghai/Guangzhou,22.5,52.0,1170.0,3510.0,1,1,Heavy User (Weekly),Premium (¥15+),Glass Only,1,1,Male 21-30 (Social),Tier 1: High (¥300+),1. High-Value Heavy User
221,Female,26-30,3,其他,2-5%,No,Yes,,,1,0,0,15-20 RMB,4,1,0,0,0,0,0,,,,,,,,,,,Target Age (21-30),1,Other Cities,17.5,,,,1,0,Unknown,Premium (¥15+),Glass Only,0,0,Non-target,Unknown,"4. Target Age, Not Tried"
222,Male,21-25,2,北上广,5-10%,Yes,,Weekly,2.0,1,1,0,5-10 RMB,2,1,1,0,0,0,0,1.0,1.0,0.0,0.0,1.0,1.0,0.0,0.0,0.0,0.0,Target Age (21-30),1,Beijing/Shanghai/Guangzhou,7.5,52.0,390.0,1170.0,0,1,Heavy User (Weekly),Mass Market (¥0-10),Both Glass & Can,1,0,Male 21-30 (Social),Tier 1: High (¥300+),"3. Target Age, Price-Sensitive"
223,Female,18-20,1,北上广,10-20%,Yes,,Weekly,2.0,1,0,0,10-15 RMB,3,1,1,0,1,0,0,1.0,0.0,0.0,0.0,1.0,1.0,0.0,0.0,0.0,0.0,Adjacent Age,0,Beijing/Shanghai/Guangzhou,12.5,52.0,650.0,1950.0,1,1,Heavy User (Weekly),Mid-Premium (¥10-15),Glass Only,0,0,Non-target,Tier 1: High (¥300+),5. Other Segments
224,Male,51+,8,北上广,20-40%,Yes,,Yearly,4.0,1,1,0,10-15 RMB,3,1,1,0,0,0,0,0.0,1.0,0.0,0.0,0.0,0.0,1.0,0.0,0.0,1.0,Other Age,0,Beijing/Shanghai/Guangzhou,12.5,1.0,12.5,37.5,1,0,Light User (Yearly),Mid-Premium (¥10-15),Both Glass & Can,0,0,Non-target,Tier 4: Very Low (<¥50),5. Other Segments
225,Male,26-30,3,其他,40%+,Yes,,Daily,1.0,1,0,0,20+ RMB,5,1,0,0,0,0,1,0.0,0.0,0.0,1.0,0.0,0.0,0.0,0.0,0.0,0.0,Target Age (21-30),1,Other Cities,22.5,365.0,8212.5,24637.5,1,1,Heavy User (Daily),Premium (¥15+),Glass Only,1,1,Male 21-30 (Social),Tier 1: High (¥300+),1. High-Value Heavy User
227,Male,26-30,3,北上广,5-10%,Yes,,Monthly,3.0,1,1,0,5-10 RMB,2,1,1,0,1,0,0,1.0,0.0,0.0,0.0,1.0,1.0,0.0,0.0,0.0,0.0,Target Age (21-30),1,Beijing/Shanghai/Guangzhou,7.5,12.0,90.0,270.0,0,0,Light User (Monthly),Mass Market (¥0-10),Both Glass & Can,1,0,Male 21-30 (Social),Tier 3: Low (¥50-150),"3. Target Age, Price-Sensitive"
229,Female,26-30,3,北上广,2-5%,Yes,,Yearly,4.0,1,0,0,10-15 RMB,3,1,1,1,1,0,0,1.0,0.0,0.0,0.0,1.0,0.0,0.0,0.0,0.0,0.0,Target Age (21-30),1,Beijing/Shanghai/Guangzhou,12.5,1.0,12.5,37.5,1,0,Light User (Yearly),Mid-Premium (¥10-15),Glass Only,1,1,Female 21-30 (Wellness),Tier 4: Very Low (<¥50),2. High-Value Light User
230,Female,51+,8,其他,None,Yes,,Yearly,4.0,1,0,0,10-15 RMB,3,0,1,0,0,0,0,0.0,0.0,0.0,1.0,0.0,0.0,1.0,0.0,0.0,0.0,Other Age,0,Other Cities,12.5,1.0,12.5,37.5,1,0,Light User (Yearly),Mid-Premium (¥10-15),Glass Only,0,0,Non-target,Tier 4: Very Low (<¥50),5. Other Segments
231,Female,21-25,2,北上广,2-5%,Yes,,Monthly,3.0,1,0,0,20+ RMB,5,1,1,0,1,0,0,1.0,1.0,0.0,0.0,1.0,1.0,1.0,1.0,0.0,0.0,Target Age (21-30),1,Beijing/Shanghai/Guangzhou,22.5,12.0,270.0,810.0,1,0,Light User (Monthly),Premium (¥15+),Glass Only,1,1,Female 21-30 (Wellness),Tier 2: Medium (¥150-300),2. High-Value Light User
232,Female,21-25,2,北上广,2-5%,Yes,,Monthly,3.0,1,1,0,10-15 RMB,3,1,1,0,0,0,0,1.0,0.0,0.0,0.0,0.0,1.0,0.0,0.0,0.0,0.0,Target Age (21-30),1,Beijing/Shanghai/Guangzhou,12.5,12.0,150.0,450.0,1,0,Light User (Monthly),Mid-Premium (¥10-15),Both Glass & Can,1,1,Female 21-30 (Wellness),Tier 2: Medium (¥150-300),2. High-Value Light User
233,Female,31-35,4,其他,None,Yes,,Yearly,4.0,1,0,0,5-10 RMB,2,1,0,0,0,0,0,1.0,0.0,0.0,0.0,1.0,0.0,0.0,0.0,0.0,0.0,Adjacent Age,0,Other Cities,7.5,1.0,7.5,22.5,0,0,Light User (Yearly),Mass Market (¥0-10),Glass Only,0,0,Non-target,Tier 4: Very Low (<¥50),5. Other Segments
234,Male,21-25,2,北上广,20-40%,Yes,,Weekly,2.0,1,0,0,20+ RMB,5,1,1,1,1,0,0,1.0,0.0,0.0,0.0,1.0,1.0,1.0,1.0,0.0,0.0,Target Age (21-30),1,Beijing/Shanghai/Guangzhou,22.5,52.0,1170.0,3510.0,1,1,Heavy User (Weekly),Premium (¥15+),Glass Only,1,1,Male 21-30 (Social),Tier 1: High (¥300+),1. High-Value Heavy User
235,Female,36-40,5,其他,5-10%,No,Yes,,,1,0,0,10-15 RMB,3,1,1,0,0,0,0,,,,,,,,,,,Other Age,0,Other Cities,12.5,,,,1,0,Unknown,Mid-Premium (¥10-15),Glass Only,0,0,Non-target,Unknown,5. Other Segments
236,Female,21-25,2,其他,5-10%,Yes,,Monthly,3.0,0,1,0,15-20 RMB,4,1,1,1,1,0,0,1.0,0.0,0.0,0.0,0.0,1.0,1.0,1.0,0.0,0.0,Target Age (21-30),1,Other Cities,17.5,12.0,210.0,630.0,1,0,Light User (Monthly),Premium (¥15+),Can Only,1,1,Female 21-30 (Wellness),Tier 2: Medium (¥150-300),2. High-Value Light User
239,Female,31-35,4,其他,10-20%,Yes,,Yearly,4.0,1,0,0,10-15 RMB,3,0,1,0,0,0,0,1.0,0.0,0.0,0.0,1.0,0.0,0.0,0.0,1.0,0.0,Adjacent Age,0,Other Cities,12.5,1.0,12.5,37.5,1,0,Light User (Yearly),Mid-Premium (¥10-15),Glass Only,0,0,Non-target,Tier 4: Very Low (<¥50),5. Other Segments
240,Female,26-30,3,其他,5-10%,No,Yes,,,1,0,0,10-15 RMB,3,1,1,0,0,0,0,,,,,,,,,,,Target Age (21-30),1,Other Cities,12.5,,,,1,0,Unknown,Mid-Premium (¥10-15),Glass Only,0,0,Non-target,Unknown,"4. Target Age, Not Tried"
241,Male,21-25,2,其他,2-5%,Yes,,Monthly,3.0,0,1,0,20+ RMB,5,1,1,1,1,1,0,1.0,1.0,0.0,0.0,1.0,1.0,0.0,0.0,0.0,0.0,Target Age (21-30),1,Other Cities,22.5,12.0,270.0,810.0,1,0,Light User (Monthly),Premium (¥15+),Can Only,1,1,Male 21-30 (Social),Tier 2: Medium (¥150-300),2. High-Value Light User
242,Female,21-25,2,其他,5-10%,Yes,,Weekly,2.0,1,0,0,10-15 RMB,3,1,0,0,1,1,0,0.0,0.0,0.0,1.0,1.0,1.0,1.0,1.0,1.0,1.0,Target Age (21-30),1,Other Cities,12.5,52.0,650.0,1950.0,1,1,Heavy User (Weekly),Mid-Premium (¥10-15),Glass Only,1,1,Female 21-30 (Wellness),Tier 1: High (¥300+),1. High-Value Heavy User
243,Male,21-25,2,其他,5-10%,No,Yes,,,0,1,0,5-10 RMB,2,1,0,0,0,0,1,,,,,,,,,,,Target Age (21-30),1,Other Cities,7.5,,,,0,0,Unknown,Mass Market (¥0-10),Can Only,0,0,Non-target,Unknown,"4. Target Age, Not Tried"
244,Male,21-25,2,其他,2-5%,Yes,,Monthly,3.0,1,1,1,5-10 RMB,2,1,1,0,1,0,0,1.0,0.0,0.0,0.0,1.0,1.0,1.0,1.0,0.0,0.0,Target Age (21-30),1,Other Cities,7.5,12.0,90.0,270.0,0,0,Light User (Monthly),Mass Market (¥0-10),Both Glass & Can,1,0,Male 21-30 (Social),Tier 3: Low (¥50-150),"3. Target Age, Price-Sensitive"
245,Female,41-45,6,北上广,2-5%,Yes,,Yearly,4.0,1,1,1,5-10 RMB,2,1,1,0,1,0,0,1.0,0.0,0.0,0.0,0.0,0.0,1.0,0.0,0.0,0.0,Other Age,0,Beijing/Shanghai/Guangzhou,7.5,1.0,7.5,22.5,0,0,Light User (Yearly),Mass Market (¥0-10),Both Glass & Can,0,0,Non-target,Tier 4: Very Low (<¥50),5. Other Segments
246,Female,21-25,2,其他,5-10%,Yes,,Weekly,2.0,1,1,0,10-15 RMB,3,1,0,0,0,0,0,1.0,0.0,0.0,1.0,1.0,0.0,0.0,1.0,0.0,0.0,Target Age (21-30),1,Other Cities,12.5,52.0,650.0,1950.0,1,1,Heavy User (Weekly),Mid-Premium (¥10-15),Both Glass & Can,1,1,Female 21-30 (Wellness),Tier 1: High (¥300+),1. High-Value Heavy User
247,Female,45-50,7,其他,10-20%,Yes,,Monthly,3.0,1,1,0,20+ RMB,5,1,1,1,1,1,0,1.0,1.0,1.0,1.0,1.0,1.0,1.0,1.0,1.0,0.0,Other Age,0,Other Cities,22.5,12.0,270.0,810.0,1,0,Light User (Monthly),Premium (¥15+),Both Glass & Can,0,0,Non-target,Tier 2: Medium (¥150-300),5. Other Segments
248,Female,51+,8,其他,None,Yes,,Yearly,4.0,1,0,0,10-15 RMB,3,0,1,0,0,0,0,0.0,0.0,0.0,1.0,0.0,1.0,0.0,0.0,0.0,0.0,Other Age,0,Other Cities,12.5,1.0,12.5,37.5,1,0,Light User (Yearly),Mid-Premium (¥10-15),Glass Only,0,0,Non-target,Tier 4: Very Low (<¥50),5. Other Segments
249,Female,36-40,5,其他,5-10%,No,Yes,,,0,1,0,10-15 RMB,3,1,1,1,1,0,0,,,,,,,,,,,Other Age,0,Other Cities,12.5,,,,1,0,Unknown,Mid-Premium (¥10-15),Can Only,0,0,Non-target,Unknown,5. Other Segments
250,Female,21-25,2,北上广,2-5%,Yes,,Monthly,3.0,1,1,0,10-15 RMB,3,1,1,0,1,0,0,1.0,0.0,0.0,0.0,0.0,0.0,0.0,1.0,0.0,0.0,Target Age (21-30),1,Beijing/Shanghai/Guangzhou,12.5,12.0,150.0,450.0,1,0,Light User (Monthly),Mid-Premium (¥10-15),Both Glass & Can,1,1,Female 21-30 (Wellness),Tier 2: Medium (¥150-300),2. High-Value Light User
251,Female,18-20,1,北上广,5-10%,Yes,,Monthly,3.0,1,0,0,5-10 RMB,2,1,0,1,1,0,0,1.0,0.0,0.0,0.0,0.0,0.0,1.0,0.0,0.0,0.0,Adjacent Age,0,Beijing/Shanghai/Guangzhou,7.5,12.0,90.0,270.0,0,0,Light User (Monthly),Mass Market (¥0-10),Glass Only,0,0,Non-target,Tier 3: Low (¥50-150),5. Other Segments
252,Female,26-30,3,北上广,5-10%,Yes,,Weekly,2.0,0,1,0,10-15 RMB,3,1,0,1,1,0,0,1.0,1.0,0.0,0.0,1.0,1.0,1.0,1.0,0.0,1.0,Target Age (21-30),1,Beijing/Shanghai/Guangzhou,12.5,52.0,650.0,1950.0,1,1,Heavy User (Weekly),Mid-Premium (¥10-15),Can Only,1,1,Female 21-30 (Wellness),Tier 1: High (¥300+),1. High-Value Heavy User
254,Male,21-25,2,北上广,2-5%,Yes,,Monthly,3.0,1,0,0,5-10 RMB,2,0,1,0,0,0,0,0.0,0.0,0.0,1.0,0.0,0.0,0.0,0.0,0.0,0.0,Target Age (21-30),1,Beijing/Shanghai/Guangzhou,7.5,12.0,90.0,270.0,0,0,Light User (Monthly),Mass Market (¥0-10),Glass Only,1,0,Male 21-30 (Social),Tier 3: Low (¥50-150),"3. Target Age, Price-Sensitive"
256,Male,45-50,7,其他,40%+,No,Yes,,,1,0,0,20+ RMB,5,0,1,0,0,0,0,,,,,,,,,,,Other Age,0,Other Cities,22.5,,,,1,0,Unknown,Premium (¥15+),Glass Only,0,0,Non-target,Unknown,5. Other Segments
257,Female,18-20,1,其他,2-5%,Yes,,Yearly,4.0,1,0,0,15-20 RMB,4,1,1,0,0,0,0,1.0,0.0,0.0,1.0,0.0,1.0,0.0,1.0,0.0,0.0,Adjacent Age,0,Other Cities,17.5,1.0,17.5,52.5,1,0,Light User (Yearly),Premium (¥15+),Glass Only,0,0,Non-target,Tier 4: Very Low (<¥50),5. Other Segments
258,Female,31-35,4,其他,2-5%,Yes,,Yearly,4.0,1,0,0,20+ RMB,5,1,1,0,0,0,0,1.0,1.0,1.0,0.0,1.0,1.0,1.0,1.0,0.0,1.0,Adjacent Age,0,Other Cities,22.5,1.0,22.5,67.5,1,0,Light User (Yearly),Premium (¥15+),Glass Only,0,0,Non-target,Tier 4: Very Low (<¥50),5. Other Segments
259,Female,41-45,6,其他,20-40%,Yes,,Yearly,4.0,0,1,0,10-15 RMB,3,1,0,0,0,0,0,1.0,0.0,0.0,0.0,1.0,0.0,0.0,0.0,0.0,0.0,Other Age,0,Other Cities,12.5,1.0,12.5,37.5,1,0,Light User (Yearly),Mid-Premium (¥10-15),Can Only,0,0,Non-target,Tier 4: Very Low (<¥50),5. Other Segments
260,Male,21-25,2,其他,None,No,Yes,,,1,1,0,5-10 RMB,2,1,1,0,0,0,0,,,,,,,,,,,Target Age (21-30),1,Other Cities,7.5,,,,0,0,Unknown,Mass Market (¥0-10),Both Glass & Can,0,0,Non-target,Unknown,"4. Target Age, Not Tried"
261,Female,21-25,2,其他,5-10%,Yes,,Monthly,3.0,1,1,0,20+ RMB,5,1,0,0,1,0,0,1.0,0.0,0.0,0.0,1.0,1.0,0.0,0.0,1.0,0.0,Target Age (21-30),1,Other Cities,22.5,12.0,270.0,810.0,1,0,Light User (Monthly),Premium (¥15+),Both Glass & Can,1,1,Female 21-30 (Wellness),Tier 2: Medium (¥150-300),2. High-Value Light User
262,Female,41-45,6,其他,5-10%,No,Yes,,,1,0,0,10-15 RMB,3,0,1,0,0,0,0,,,,,,,,,,,Other Age,0,Other Cities,12.5,,,,1,0,Unknown,Mid-Premium (¥10-15),Glass Only,0,0,Non-target,Unknown,5. Other Segments
264,Male,26-30,3,其他,None,Yes,,Monthly,3.0,0,1,0,10-15 RMB,3,1,1,0,0,0,0,1.0,1.0,0.0,0.0,1.0,1.0,0.0,0.0,0.0,0.0,Target Age (21-30),1,Other Cities,12.5,12.0,150.0,450.0,1,0,Light User (Monthly),Mid-Premium (¥10-15),Can Only,1,1,Male 21-30 (Social),Tier 2: Medium (¥150-300),2. High-Value Light User
265,Male,21-25,2,北上广,20-40%,Yes,,Monthly,3.0,1,0,1,20+ RMB,5,1,0,1,0,1,0,1.0,0.0,1.0,0.0,1.0,1.0,0.0,0.0,0.0,0.0,Target Age (21-30),1,Beijing/Shanghai/Guangzhou,22.5,12.0,270.0,810.0,1,0,Light User (Monthly),Premium (¥15+),Glass Only,1,1,Male 21-30 (Social),Tier 2: Medium (¥150-300),2. High-Value Light User
266,Male,31-35,4,北上广,5-10%,Yes,,Yearly,4.0,1,0,0,5-10 RMB,2,1,0,1,1,0,0,1.0,0.0,0.0,0.0,0.0,0.0,0.0,0.0,0.0,0.0,Adjacent Age,0,Beijing/Shanghai/Guangzhou,7.5,1.0,7.5,22.5,0,0,Light User (Yearly),Mass Market (¥0-10),Glass Only,0,0,Non-target,Tier 4: Very Low (<¥50),5. Other Segments
268,Male,26-30,3,北上广,10-20%,Yes,,Monthly,3.0,1,1,0,5-10 RMB,2,1,0,0,0,0,0,1.0,0.0,0.0,0.0,0.0,1.0,0.0,0.0,1.0,0.0,Target Age (21-30),1,Beijing/Shanghai/Guangzhou,7.5,12.0,90.0,270.0,0,0,Light User (Monthly),Mass Market (¥0-10),Both Glass & Can,1,0,Male 21-30 (Social),Tier 3: Low (¥50-150),"3. Target Age, Price-Sensitive"
269,Male,21-25,2,北上广,2-5%,Yes,,Yearly,4.0,1,0,0,5-10 RMB,2,1,1,0,0,0,0,1.0,0.0,0.0,0.0,1.0,1.0,0.0,1.0,0.0,0.0,Target Age (21-30),1,Beijing/Shanghai/Guangzhou,7.5,1.0,7.5,22.5,0,0,Light User (Yearly),Mass Market (¥0-10),Glass Only,1,0,Male 21-30 (Social),Tier 4: Very Low (<¥50),"3. Target Age, Price-Sensitive"
270,Male,45-50,7,其他,40%+,Yes,,Monthly,3.0,0,1,0,10-15 RMB,3,0,1,0,1,0,0,1.0,0.0,0.0,0.0,0.0,0.0,1.0,0.0,0.0,0.0,Other Age,0,Other Cities,12.5,12.0,150.0,450.0,1,0,Light User (Monthly),Mid-Premium (¥10-15),Can Only,0,0,Non-target,Tier 2: Medium (¥150-300),5. Other Segments
271,Male,26-30,3,北上广,5-10%,No,Yes,,,0,0,1,0-5 RMB,1,1,1,0,1,1,0,,,,,,,,,,,Target Age (21-30),1,Beijing/Shanghai/Guangzhou,2.5,,,,0,0,Unknown,Mass Market (¥0-10),Other/None,0,0,Non-target,Unknown,"4. Target Age, Not Tried"
272,Male,26-30,3,其他,10-20%,Yes,,Yearly,4.0,1,1,0,10-15 RMB,3,1,1,1,1,0,0,1.0,0.0,0.0,0.0,1.0,1.0,0.0,0.0,0.0,0.0,Target Age (21-30),1,Other Cities,12.5,1.0,12.5,37.5,1,0,Light User (Yearly),Mid-Premium (¥10-15),Both Glass & Can,1,1,Male 21-30 (Social),Tier 4: Very Low (<¥50),2. High-Value Light User
273,Male,26-30,3,其他,None,Yes,,Yearly,4.0,1,0,0,10-15 RMB,3,1,0,0,0,0,0,1.0,0.0,0.0,0.0,1.0,1.0,0.0,0.0,0.0,0.0,Target Age (21-30),1,Other Cities,12.5,1.0,12.5,37.5,1,0,Light User (Yearly),Mid-Premium (¥10-15),Glass Only,1,1,Male 21-30 (Social),Tier 4: Very Low (<¥50),2. High-Value Light User
274,Male,26-30,3,北上广,40%+,Yes,,Weekly,2.0,1,0,0,10-15 RMB,3,1,0,1,0,0,0,1.0,0.0,0.0,0.0,0.0,0.0,0.0,0.0,1.0,0.0,Target Age (21-30),1,Beijing/Shanghai/Guangzhou,12.5,52.0,650.0,1950.0,1,1,Heavy User (Weekly),Mid-Premium (¥10-15),Glass Only,1,1,Male 21-30 (Social),Tier 1: High (¥300+),1. High-Value Heavy User
276,Male,51+,8,其他,20-40%,Yes,,Monthly,3.0,0,1,0,20+ RMB,5,0,1,0,0,0,0,0.0,1.0,0.0,0.0,0.0,1.0,0.0,0.0,0.0,0.0,Other Age,0,Other Cities,22.5,12.0,270.0,810.0,1,0,Light User (Monthly),Premium (¥15+),Can Only,0,0,Non-target,Tier 2: Medium (¥150-300),5. Other Segments
280,Male,26-30,3,其他,20-40%,Yes,,Monthly,3.0,1,1,0,5-10 RMB,2,1,1,0,1,0,0,1.0,1.0,0.0,0.0,1.0,0.0,0.0,1.0,0.0,0.0,Target Age (21-30),1,Other Cities,7.5,12.0,90.0,270.0,0,0,Light User (Monthly),Mass Market (¥0-10),Both Glass & Can,1,0,Male 21-30 (Social),Tier 3: Low (¥50-150),"3. Target Age, Price-Sensitive"
281,Female,41-45,6,其他,2-5%,No,Yes,,,1,1,0,5-10 RMB,2,1,1,0,0,0,0,,,,,,,,,,,Other Age,0,Other Cities,7.5,,,,0,0,Unknown,Mass Market (¥0-10),Both Glass & Can,0,0,Non-target,Unknown,5. Other Segments
282,Female,21-25,2,其他,5-10%,Yes,,Monthly,3.0,1,1,0,10-15 RMB,3,1,0,0,0,0,0,1.0,0.0,0.0,0.0,0.0,1.0,0.0,1.0,0.0,0.0,Target Age (21-30),1,Other Cities,12.5,12.0,150.0,450.0,1,0,Light User (Monthly),Mid-Premium (¥10-15),Both Glass & Can,1,1,Female 21-30 (Wellness),Tier 2: Medium (¥150-300),2. High-Value Light User
283,Female,26-30,3,其他,5-10%,Yes,,Monthly,3.0,0,1,0,15-20 RMB,4,1,0,0,0,0,0,1.0,1.0,0.0,0.0,1.0,0.0,0.0,0.0,0.0,0.0,Target Age (21-30),1,Other Cities,17.5,12.0,210.0,630.0,1,0,Light User (Monthly),Premium (¥15+),Can Only,1,1,Female 21-30 (Wellness),Tier 2: Medium (¥150-300),2. High-Value Light User
284,Female,45-50,7,其他,None,Yes,,Yearly,4.0,1,0,0,20+ RMB,5,1,1,0,0,0,0,0.0,0.0,0.0,1.0,0.0,0.0,0.0,0.0,1.0,0.0,Other Age,0,Other Cities,22.5,1.0,22.5,67.5,1,0,Light User (Yearly),Premium (¥15+),Glass Only,0,0,Non-target,Tier 4: Very Low (<¥50),5. Other Segments
285,Female,31-35,4,北上广,5-10%,Yes,,Weekly,2.0,0,1,0,5-10 RMB,2,1,1,1,1,0,0,1.0,0.0,0.0,1.0,1.0,1.0,0.0,1.0,0.0,0.0,Adjacent Age,0,Beijing/Shanghai/Guangzhou,7.5,52.0,390.0,1170.0,0,1,Heavy User (Weekly),Mass Market (¥0-10),Can Only,0,0,Non-target,Tier 1: High (¥300+),5. Other Segments
286,Female,21-25,2,北上广,2-5%,Yes,,Yearly,4.0,1,0,0,5-10 RMB,2,1,1,1,1,1,0,1.0,0.0,0.0,0.0,0.0,0.0,0.0,0.0,1.0,0.0,Target Age (21-30),1,Beijing/Shanghai/Guangzhou,7.5,1.0,7.5,22.5,0,0,Light User (Yearly),Mass Market (¥0-10),Glass Only,1,0,Female 21-30 (Wellness),Tier 4: Very Low (<¥50),"3. Target Age, Price-Sensitive"
287,Male,26-30,3,北上广,40%+,Yes,,Yearly,4.0,0,1,0,5-10 RMB,2,1,0,0,0,0,0,1.0,0.0,0.0,0.0,0.0,0.0,0.0,1.0,0.0,0.0,Target Age (21-30),1,Beijing/Shanghai/Guangzhou,7.5,1.0,7.5,22.5,0,0,Light User (Yearly),Mass Market (¥0-10),Can Only,1,0,Male 21-30 (Social),Tier 4: Very Low (<¥50),"3. Target Age, Price-Sensitive"
288,Male,21-25,2,北上广,5-10%,Yes,,Monthly,3.0,1,1,1,15-20 RMB,4,0,1,0,0,0,0,0.0,0.0,0.0,1.0,0.0,0.0,0.0,1.0,0.0,0.0,Target Age (21-30),1,Beijing/Shanghai/Guangzhou,17.5,12.0,210.0,630.0,1,0,Light User (Monthly),Premium (¥15+),Both Glass & Can,1,1,Male 21-30 (Social),Tier 2: Medium (¥150-300),2. High-Value Light User
289,Male,45-50,7,其他,10-20%,Yes,,Yearly,4.0,1,1,0,15-20 RMB,4,1,1,1,1,0,0,1.0,0.0,0.0,0.0,1.0,0.0,1.0,0.0,0.0,0.0,Other Age,0,Other Cities,17.5,1.0,17.5,52.5,1,0,Light User (Yearly),Premium (¥15+),Both Glass & Can,0,0,Non-target,Tier 4: Very Low (<¥50),5. Other Segments
290,Female,21-25,2,北上广,10-20%,Yes,,Monthly,3.0,1,0,0,5-10 RMB,2,1,1,0,1,0,0,1.0,0.0,0.0,0.0,1.0,1.0,0.0,1.0,0.0,0.0,Target Age (21-30),1,Beijing/Shanghai/Guangzhou,7.5,12.0,90.0,270.0,0,0,Light User (Monthly),Mass Market (¥0-10),Glass Only,1,0,Female 21-30 (Wellness),Tier 3: Low (¥50-150),"3. Target Age, Price-Sensitive"
291,Female,26-30,3,其他,None,Yes,,Yearly,4.0,1,0,0,0-5 RMB,1,0,1,0,0,0,0,0.0,0.0,0.0,1.0,1.0,1.0,0.0,0.0,0.0,0.0,Target Age (21-30),1,Other Cities,2.5,1.0,2.5,7.5,0,0,Light User (Yearly),Mass Market (¥0-10),Glass Only,1,0,Female 21-30 (Wellness),Tier 4: Very Low (<¥50),"3. Target Age, Price-Sensitive"
293,Female,21-25,2,其他,5-10%,Yes,,Monthly,3.0,1,0,0,5-10 RMB,2,1,1,0,0,0,0,1.0,0.0,0.0,0.0,1.0,0.0,0.0,1.0,0.0,0.0,Target Age (21-30),1,Other Cities,7.5,12.0,90.0,270.0,0,0,Light User (Monthly),Mass Market (¥0-10),Glass Only,1,0,Female 21-30 (Wellness),Tier 3: Low (¥50-150),"3. Target Age, Price-Sensitive"
294,Female,18-20,1,北上广,5-10%,Yes,,Yearly,4.0,1,1,0,5-10 RMB,2,1,0,0,0,0,0,1.0,1.0,0.0,0.0,1.0,1.0,0.0,0.0,1.0,0.0,Adjacent Age,0,Beijing/Shanghai/Guangzhou,7.5,1.0,7.5,22.5,0,0,Light User (Yearly),Mass Market (¥0-10),Both Glass & Can,0,0,Non-target,Tier 4: Very Low (<¥50),5. Other Segments
295,Female,21-25,2,其他,2-5%,Yes,,Monthly,3.0,1,1,0,10-15 RMB,3,1,1,0,0,0,0,1.0,0.0,0.0,0.0,1.0,0.0,1.0,0.0,0.0,0.0,Target Age (21-30),1,Other Cities,12.5,12.0,150.0,450.0,1,0,Light User (Monthly),Mid-Premium (¥10-15),Both Glass & Can,1,1,Female 21-30 (Wellness),Tier 2: Medium (¥150-300),2. High-Value Light User
296,Male,21-25,2,北上广,5-10%,No,Yes,,,1,0,0,5-10 RMB,2,1,1,0,0,0,0,,,,,,,,,,,Target Age (21-30),1,Beijing/Shanghai/Guangzhou,7.5,,,,0,0,Unknown,Mass Market (¥0-10),Glass Only,0,0,Non-target,Unknown,"4. Target Age, Not Tried"
297,Female,21-25,2,其他,5-10%,Yes,,Yearly,4.0,1,1,0,10-15 RMB,3,1,1,0,0,0,0,0.0,1.0,0.0,0.0,1.0,0.0,0.0,1.0,0.0,1.0,Target Age (21-30),1,Other Cities,12.5,1.0,12.5,37.5,1,0,Light User (Yearly),Mid-Premium (¥10-15),Both Glass & Can,1,1,Female 21-30 (Wellness),Tier 4: Very Low (<¥50),2. High-Value Light User
298,Female,41-45,6,其他,2-5%,Yes,,Yearly,4.0,1,0,0,5-10 RMB,2,1,1,0,0,0,0,1.0,0.0,0.0,0.0,1.0,0.0,0.0,0.0,1.0,0.0,Other Age,0,Other Cities,7.5,1.0,7.5,22.5,0,0,Light User (Yearly),Mass Market (¥0-10),Glass Only,0,0,Non-target,Tier 4: Very Low (<¥50),5. Other Segments
300,Female,31-35,4,北上广,10-20%,Yes,,Yearly,4.0,1,0,0,10-15 RMB,3,1,1,1,0,0,0,1.0,0.0,1.0,0.0,0.0,1.0,0.0,1.0,0.0,0.0,Adjacent Age,0,Beijing/Shanghai/Guangzhou,12.5,1.0,12.5,37.5,1,0,Light User (Yearly),Mid-Premium (¥10-15),Glass Only,0,0,Non-target,Tier 4: Very Low (<¥50),5. Other Segments
301,Male,26-30,3,其他,10-20%,Yes,,Yearly,4.0,0,1,0,15-20 RMB,4,1,1,0,1,0,0,1.0,0.0,0.0,0.0,1.0,0.0,0.0,0.0,0.0,0.0,Target Age (21-30),1,Other Cities,17.5,1.0,17.5,52.5,1,0,Light User (Yearly),Premium (¥15+),Can Only,1,1,Male 21-30 (Social),Tier 4: Very Low (<¥50),2. High-Value Light User
302,Male,26-30,3,北上广,2-5%,No,Yes,,,1,0,0,5-10 RMB,2,1,1,0,0,0,0,,,,,,,,,,,Target Age (21-30),1,Beijing/Shanghai/Guangzhou,7.5,,,,0,0,Unknown,Mass Market (¥0-10),Glass Only,0,0,Non-target,Unknown,"4. Target Age, Not Tried"
304,Male,21-25,2,其他,10-20%,Yes,,Yearly,4.0,0,1,1,5-10 RMB,2,1,1,0,1,0,0,1.0,0.0,0.0,0.0,0.0,1.0,1.0,0.0,0.0,0.0,Target Age (21-30),1,Other Cities,7.5,1.0,7.5,22.5,0,0,Light User (Yearly),Mass Market (¥0-10),Can Only,1,0,Male 21-30 (Social),Tier 4: Very Low (<¥50),"3. Target Age, Price-Sensitive"
305,Female,45-50,7,其他,5-10%,Yes,,Monthly,3.0,1,0,0,20+ RMB,5,0,0,0,0,1,0,1.0,0.0,0.0,0.0,1.0,1.0,1.0,1.0,0.0,0.0,Other Age,0,Other Cities,22.5,12.0,270.0,810.0,1,0,Light User (Monthly),Premium (¥15+),Glass Only,0,0,Non-target,Tier 2: Medium (¥150-300),5. Other Segments
306,Male,21-25,2,其他,5-10%,No,Yes,,,1,1,0,10-15 RMB,3,1,1,0,0,0,0,,,,,,,,,,,Target Age (21-30),1,Other Cities,12.5,,,,1,0,Unknown,Mid-Premium (¥10-15),Both Glass & Can,0,0,Non-target,Unknown,"4. Target Age, Not Tried"
307,Female,21-25,2,其他,None,Yes,,Yearly,4.0,1,0,0,20+ RMB,5,0,1,0,0,0,0,0.0,0.0,0.0,1.0,0.0,0.0,0.0,0.0,0.0,0.0,Target Age (21-30),1,Other Cities,22.5,1.0,22.5,67.5,1,0,Light User (Yearly),Premium (¥15+),Glass Only,1,1,Female 21-30 (Wellness),Tier 4: Very Low (<¥50),2. High-Value Light User
308,Female,51+,8,其他,10-20%,Yes,,Yearly,4.0,1,1,0,10-15 RMB,3,1,1,0,0,1,0,1.0,0.0,0.0,0.0,0.0,0.0,1.0,1.0,0.0,0.0,Other Age,0,Other Cities,12.5,1.0,12.5,37.5,1,0,Light User (Yearly),Mid-Premium (¥10-15),Both Glass & Can,0,0,Non-target,Tier 4: Very Low (<¥50),5. Other Segments
309,Male,41-45,6,其他,40%+,Yes,,Yearly,4.0,1,0,0,0-5 RMB,1,1,0,0,0,0,0,0.0,1.0,0.0,0.0,1.0,0.0,0.0,0.0,0.0,0.0,Other Age,0,Other Cities,2.5,1.0,2.5,7.5,0,0,Light User (Yearly),Mass Market (¥0-10),Glass Only,0,0,Non-target,Tier 4: Very Low (<¥50),5. Other Segments
310,Female,21-25,2,其他,5-10%,Yes,,Monthly,3.0,1,1,0,10-15 RMB,3,1,1,0,1,0,0,1.0,0.0,0.0,0.0,1.0,0.0,0.0,1.0,0.0,0.0,Target Age (21-30),1,Other Cities,12.5,12.0,150.0,450.0,1,0,Light User (Monthly),Mid-Premium (¥10-15),Both Glass & Can,1,1,Female 21-30 (Wellness),Tier 2: Medium (¥150-300),2. High-Value Light User
311,Male,21-25,2,其他,20-40%,Yes,,Yearly,4.0,1,1,0,20+ RMB,5,1,0,0,0,0,1,0.0,0.0,0.0,1.0,0.0,0.0,0.0,0.0,1.0,0.0,Target Age (21-30),1,Other Cities,22.5,1.0,22.5,67.5,1,0,Light User (Yearly),Premium (¥15+),Both Glass & Can,1,1,Male 21-30 (Social),Tier 4: Very Low (<¥50),2. High-Value Light User
312,Male,21-25,2,其他,5-10%,Yes,,Monthly,3.0,0,1,0,5-10 RMB,2,1,0,0,0,0,0,1.0,0.0,0.0,0.0,0.0,0.0,0.0,1.0,0.0,0.0,Target Age (21-30),1,Other Cities,7.5,12.0,90.0,270.0,0,0,Light User (Monthly),Mass Market (¥0-10),Can Only,1,0,Male 21-30 (Social),Tier 3: Low (¥50-150),"3. Target Age, Price-Sensitive"
